MarkerID	coil_x	coil_y	coil_z	normal_x	normal_y	normal_z	direction_x	direction_y	direction_z	ElectricFieldMax_x	ElectricFieldMax_y	ElectricFieldMax_x	Timestamp
marker1.1	142.55	217.53	70.42	0.5952	0.7977	-0.1023	-0.5842	0.5577	0.5653	119.8	200.6	75.0	2025-06-01T15:00:00Z
marker1.2	142.42	216.64	69.24	0.5744	0.7899	-0.0969	-0.6091	0.5359	0.5847	119.4	200.8	74.5	2025-06-01T15:00:00.020000Z
marker1.3	142.03	217.66	69.52	0.5838	0.794	-0.1029	-0.606	0.5685	0.5699	119.0	201.2	74.6	2025-06-01T15:00:00.040000Z
marker1.4	142.4	216.62	69.44	0.582	0.8074	-0.0983	-0.6012	0.547	0.5552	119.1	200.6	75.7	2025-06-01T15:00:00.060000Z
marker1.5	142.47	216.72	70.26	0.5761	0.7932	-0.0939	-0.5897	0.5593	0.5616	119.3	201.0	75.7	2025-06-01T15:00:00.080000Z
marker1.6	142.06	217.51	69.55	0.568	0.8081	-0.0864	-0.6007	0.56	0.5736	119.2	201.0	76.0	2025-06-01T15:00:00.100000Z
marker1.7	142.28	218.38	68.79	0.5882	0.8009	-0.103	-0.5991	0.5301	0.5678	119.7	201.5	74.9	2025-06-01T15:00:00.120000Z
marker1.8	141.9	217.35	70.56	0.5833	0.7947	-0.0949	-0.599	0.5597	0.563	119.3	200.6	74.5	2025-06-01T15:00:00.140000Z
marker1.9	142.45	217.73	70.1	0.5777	0.7858	-0.1042	-0.6034	0.542	0.5684	119.7	201.7	75.3	2025-06-01T15:00:00.160000Z
marker1.10	142.43	217.56	69.14	0.5797	0.8006	-0.0754	-0.6019	0.553	0.5697	118.9	201.4	75.6	2025-06-01T15:00:00.180000Z
marker1.11	142.7	217.15	70.8	0.566	0.8059	-0.0781	-0.6099	0.5443	0.571	119.2	200.0	75.2	2025-06-01T15:00:00.200000Z
marker1.12	141.77	217.84	69.64	0.5955	0.7922	-0.1032	-0.5919	0.5377	0.5723	120.2	200.0	75.3	2025-06-01T15:00:00.220000Z
marker1.13	142.43	217.99	69.48	0.5668	0.8052	-0.097	-0.5975	0.5535	0.5632	119.6	200.9	74.8	2025-06-01T15:00:00.240000Z
marker1.14	143.23	217.84	69.5	0.5866	0.7903	-0.0921	-0.5884	0.5418	0.5796	119.7	201.2	76.1	2025-06-01T15:00:00.260000Z
marker1.15	142.18	217.22	69.66	0.5718	0.7992	-0.0966	-0.5972	0.5583	0.5701	120.2	200.7	76.6	2025-06-01T15:00:00.280000Z
marker1.16	142.61	217.17	69.56	0.5848	0.7978	-0.0929	-0.5953	0.5493	0.5615	118.7	200.6	75.6	2025-06-01T15:00:00.300000Z
marker1.17	142.41	216.98	70.19	0.5839	0.7912	-0.0985	-0.5994	0.5386	0.5736	119.8	201.3	75.7	2025-06-01T15:00:00.320000Z
marker1.18	141.61	217.13	70.36	0.5851	0.8052	-0.0615	-0.5943	0.5614	0.5795	119.8	200.6	75.6	2025-06-01T15:00:00.340000Z
marker1.19	141.91	217.48	69.86	0.5808	0.8231	-0.1187	-0.5931	0.5339	0.5653	120.0	200.8	74.7	2025-06-01T15:00:00.360000Z
marker1.20	141.94	217.94	69.73	0.5822	0.8005	-0.1065	-0.5786	0.5563	0.5497	119.6	200.5	75.6	2025-06-01T15:00:00.380000Z
marker1.21	141.9	217.54	70.35	0.5887	0.788	-0.1033	-0.6047	0.5435	0.5877	119.7	200.2	75.7	2025-06-01T15:00:00.400000Z
marker1.22	143.36	218.12	69.34	0.5752	0.8127	-0.1071	-0.5956	0.5577	0.5607	119.5	199.2	74.7	2025-06-01T15:00:00.420000Z
marker1.23	142.17	216.98	70.92	0.5657	0.7956	-0.0987	-0.5856	0.5356	0.5816	119.5	200.3	75.4	2025-06-01T15:00:00.440000Z
marker1.24	142.4	217.3	70.13	0.5761	0.8011	-0.0934	-0.5841	0.5376	0.5913	118.5	200.7	75.5	2025-06-01T15:00:00.460000Z
marker1.25	142.44	217.29	70.0	0.5751	0.7941	-0.0915	-0.5964	0.5431	0.579	119.7	201.2	75.5	2025-06-01T15:00:00.480000Z
marker1.26	141.89	217.32	70.47	0.5861	0.7998	-0.0988	-0.5872	0.5441	0.5755	119.4	200.7	75.7	2025-06-01T15:00:00.500000Z
marker1.27	142.71	218.01	70.75	0.5802	0.8068	-0.1031	-0.5968	0.5487	0.571	119.8	200.4	76.2	2025-06-01T15:00:00.520000Z
marker1.28	141.8	216.99	70.68	0.5879	0.8062	-0.0937	-0.6001	0.541	0.5708	119.2	201.3	75.1	2025-06-01T15:00:00.540000Z
marker1.29	141.89	217.44	70.31	0.5744	0.7918	-0.0976	-0.5976	0.5449	0.5653	119.6	200.1	74.5	2025-06-01T15:00:00.560000Z
marker1.30	141.94	217.49	70.26	0.5948	0.8086	-0.1016	-0.6002	0.54	0.5698	119.4	201.0	74.8	2025-06-01T15:00:00.580000Z
marker1.31	142.56	218.37	70.05	0.584	0.8069	-0.104	-0.5978	0.5501	0.571	119.1	200.8	75.4	2025-06-01T15:00:00.600000Z
marker1.32	143.03	218.08	71.18	0.5723	0.8087	-0.0982	-0.5781	0.5419	0.5616	119.2	199.7	74.9	2025-06-01T15:00:00.620000Z
marker1.33	141.92	217.68	70.27	0.5988	0.8095	-0.1058	-0.609	0.5549	0.5568	120.4	201.4	75.0	2025-06-01T15:00:00.640000Z
marker1.34	141.44	218.28	70.04	0.5924	0.7841	-0.106	-0.5999	0.5505	0.5655	119.8	200.3	75.1	2025-06-01T15:00:00.660000Z
marker1.35	142.36	217.86	70.46	0.5688	0.7847	-0.0872	-0.5967	0.5425	0.5855	119.6	201.4	75.2	2025-06-01T15:00:00.680000Z
marker1.36	143.33	218.48	69.98	0.5897	0.8065	-0.0863	-0.6096	0.5569	0.5806	118.6	200.2	74.2	2025-06-01T15:00:00.700000Z
marker1.37	142.17	217.96	70.85	0.5807	0.8163	-0.1138	-0.617	0.5494	0.5738	119.5	199.8	75.2	2025-06-01T15:00:00.720000Z
marker1.38	141.65	217.93	70.28	0.5706	0.7949	-0.1106	-0.6006	0.5596	0.5601	119.8	200.5	74.8	2025-06-01T15:00:00.740000Z
marker1.39	142.25	217.08	69.82	0.568	0.8196	-0.0996	-0.607	0.5521	0.5689	119.4	201.1	75.6	2025-06-01T15:00:00.760000Z
marker1.40	142.03	217.31	69.96	0.557	0.7848	-0.0863	-0.5836	0.5475	0.5758	119.7	202.3	75.8	2025-06-01T15:00:00.780000Z
marker1.41	142.24	217.12	69.3	0.582	0.7924	-0.1142	-0.6065	0.5392	0.5869	119.9	200.8	75.9	2025-06-01T15:00:00.800000Z
marker1.42	142.34	217.17	70.86	0.5854	0.7896	-0.1019	-0.6088	0.5362	0.5793	120.5	200.1	75.5	2025-06-01T15:00:00.820000Z
marker1.43	141.97	217.36	69.8	0.5714	0.8005	-0.1083	-0.5973	0.5495	0.5676	119.0	200.5	75.6	2025-06-01T15:00:00.840000Z
marker1.44	142.55	217.11	70.15	0.5875	0.7833	-0.0946	-0.6066	0.5557	0.5624	118.6	200.0	75.2	2025-06-01T15:00:00.860000Z
marker1.45	142.43	217.15	70.42	0.5634	0.7993	-0.1121	-0.6065	0.5505	0.5614	119.3	201.3	74.9	2025-06-01T15:00:00.880000Z
marker1.46	142.72	217.04	70.36	0.5944	0.7753	-0.108	-0.5942	0.548	0.5737	119.2	200.8	75.1	2025-06-01T15:00:00.900000Z
marker1.47	142.88	217.73	70.27	0.5759	0.7951	-0.1043	-0.5961	0.5458	0.5729	120.5	201.2	75.0	2025-06-01T15:00:00.920000Z
marker1.48	142.9	217.4	69.08	0.5699	0.7813	-0.1035	-0.5998	0.5668	0.5733	119.4	201.2	74.1	2025-06-01T15:00:00.940000Z
marker1.49	142.42	217.99	69.36	0.5914	0.8034	-0.1042	-0.5937	0.5727	0.5718	119.6	200.6	74.8	2025-06-01T15:00:00.960000Z
marker1.50	142.72	217.17	70.14	0.5752	0.8048	-0.0967	-0.5896	0.5449	0.5673	119.0	200.6	75.4	2025-06-01T15:00:00.980000Z
marker1.51	142.68	217.14	70.53	0.5936	0.8041	-0.0812	-0.6077	0.5376	0.5522	120.2	201.1	75.2	2025-06-01T15:00:01Z
marker1.52	142.44	217.04	71.32	0.5813	0.8011	-0.0927	-0.5952	0.5522	0.5621	119.7	201.7	75.9	2025-06-01T15:00:01.020000Z
marker1.53	143.1	217.34	69.61	0.5787	0.8006	-0.0891	-0.6169	0.5653	0.5684	119.3	200.3	74.4	2025-06-01T15:00:01.040000Z
marker1.54	142.71	217.64	69.46	0.567	0.7966	-0.0833	-0.6026	0.535	0.5675	119.4	199.5	75.2	2025-06-01T15:00:01.060000Z
marker1.55	142.18	217.95	71.02	0.5913	0.7973	-0.1111	-0.5743	0.5506	0.5701	119.5	200.9	75.1	2025-06-01T15:00:01.080000Z
marker1.56	142.01	217.33	70.08	0.5746	0.7929	-0.0989	-0.6025	0.565	0.5435	120.0	201.4	74.2	2025-06-01T15:00:01.100000Z
marker1.57	142.13	217.41	69.4	0.5722	0.7889	-0.0825	-0.5906	0.5627	0.5772	118.9	200.5	75.4	2025-06-01T15:00:01.120000Z
marker1.58	141.69	217.96	69.98	0.5763	0.8071	-0.0956	-0.6036	0.5616	0.5592	119.8	201.1	75.0	2025-06-01T15:00:01.140000Z
marker1.59	142.46	216.97	70.56	0.5782	0.7948	-0.0895	-0.607	0.5359	0.5544	119.8	200.2	76.1	2025-06-01T15:00:01.160000Z
marker1.60	141.26	218.45	70.21	0.579	0.7946	-0.096	-0.6004	0.561	0.5711	119.6	200.6	75.2	2025-06-01T15:00:01.180000Z
marker1.61	142.45	216.74	69.43	0.5874	0.8017	-0.1018	-0.5998	0.5535	0.5646	119.1	200.9	74.7	2025-06-01T15:00:01.200000Z
marker1.62	142.5	216.75	70.61	0.5847	0.8026	-0.0902	-0.5833	0.5601	0.5516	118.9	200.5	75.2	2025-06-01T15:00:01.220000Z
marker1.63	142.56	217.24	70.19	0.5724	0.7939	-0.1141	-0.6092	0.5365	0.5602	120.0	200.3	76.5	2025-06-01T15:00:01.240000Z
marker1.64	142.55	217.69	69.67	0.587	0.7942	-0.0988	-0.5744	0.549	0.5815	119.1	200.8	76.1	2025-06-01T15:00:01.260000Z
marker1.65	141.99	218.51	70.45	0.5744	0.8063	-0.0903	-0.5938	0.5343	0.5627	119.4	200.8	75.5	2025-06-01T15:00:01.280000Z
marker1.66	142.39	216.93	70.29	0.5861	0.8056	-0.0892	-0.5917	0.5546	0.5693	118.7	201.0	75.3	2025-06-01T15:00:01.300000Z
marker1.67	142.44	216.96	69.56	0.5905	0.7996	-0.0932	-0.5997	0.5503	0.5794	119.2	200.8	75.0	2025-06-01T15:00:01.320000Z
marker1.68	142.08	217.45	70.21	0.5752	0.8126	-0.1089	-0.6019	0.5456	0.5845	119.6	201.3	74.5	2025-06-01T15:00:01.340000Z
marker1.69	142.43	218.04	70.14	0.5907	0.7948	-0.0859	-0.577	0.5464	0.5655	120.2	201.6	74.9	2025-06-01T15:00:01.360000Z
marker1.70	142.09	217.46	69.43	0.5708	0.79	-0.1077	-0.6003	0.5523	0.5855	119.0	201.3	75.1	2025-06-01T15:00:01.380000Z
marker1.71	142.28	217.94	69.54	0.5838	0.8017	-0.0951	-0.5971	0.5746	0.5636	119.2	200.5	74.9	2025-06-01T15:00:01.400000Z
marker1.72	141.98	218.19	70.81	0.5743	0.7917	-0.0953	-0.6055	0.5563	0.572	118.7	201.6	76.1	2025-06-01T15:00:01.420000Z
marker1.73	141.99	217.41	70.24	0.5833	0.8066	-0.0799	-0.6018	0.542	0.5562	119.1	200.8	76.1	2025-06-01T15:00:01.440000Z
marker1.74	142.04	217.71	70.09	0.5919	0.8253	-0.1053	-0.6049	0.5604	0.5768	120.4	201.1	75.0	2025-06-01T15:00:01.460000Z
marker1.75	142.6	218.15	70.51	0.5851	0.8107	-0.0883	-0.5862	0.5565	0.5683	119.6	201.4	74.8	2025-06-01T15:00:01.480000Z
marker1.76	142.48	217.4	70.11	0.5928	0.8019	-0.0995	-0.6136	0.5575	0.5765	120.6	200.6	75.3	2025-06-01T15:00:01.500000Z
marker1.77	142.42	218.39	70.05	0.5828	0.8061	-0.0981	-0.6045	0.5519	0.5807	119.0	200.9	74.8	2025-06-01T15:00:01.520000Z
marker1.78	142.9	216.84	69.82	0.5838	0.8157	-0.1007	-0.6056	0.5688	0.5555	118.4	201.0	74.9	2025-06-01T15:00:01.540000Z
marker1.79	141.79	217.95	70.22	0.5744	0.7872	-0.0913	-0.5935	0.549	0.5885	119.0	200.0	74.9	2025-06-01T15:00:01.560000Z
marker1.80	142.28	217.72	69.98	0.5835	0.7875	-0.0856	-0.6008	0.5612	0.5734	119.7	201.1	75.4	2025-06-01T15:00:01.580000Z
marker1.81	142.62	218.26	70.2	0.5871	0.7991	-0.0856	-0.6068	0.568	0.5696	118.8	200.9	74.9	2025-06-01T15:00:01.600000Z
marker1.82	142.72	217.27	69.88	0.5611	0.7955	-0.1242	-0.6158	0.5576	0.5779	119.7	200.3	75.2	2025-06-01T15:00:01.620000Z
marker1.83	142.3	217.02	70.85	0.5888	0.7978	-0.0997	-0.5979	0.5296	0.5675	119.2	200.3	75.1	2025-06-01T15:00:01.640000Z
marker1.84	143.2	217.92	69.81	0.5857	0.814	-0.0908	-0.5994	0.5435	0.577	119.7	201.2	75.5	2025-06-01T15:00:01.660000Z
marker1.85	142.82	217.33	70.76	0.582	0.8208	-0.1069	-0.5826	0.552	0.5635	119.3	200.6	75.4	2025-06-01T15:00:01.680000Z
marker1.86	142.56	217.31	70.09	0.6014	0.8173	-0.0956	-0.5996	0.5512	0.5761	119.0	200.7	74.4	2025-06-01T15:00:01.700000Z
marker1.87	142.5	217.92	69.86	0.5957	0.7877	-0.1146	-0.5978	0.5605	0.5868	119.3	201.3	75.2	2025-06-01T15:00:01.720000Z
marker1.88	142.21	218.04	70.43	0.5642	0.8148	-0.0862	-0.6063	0.554	0.5749	119.6	200.5	74.9	2025-06-01T15:00:01.740000Z
marker1.89	142.29	218.19	70.37	0.5763	0.8077	-0.1285	-0.5885	0.5326	0.5664	118.9	200.2	75.8	2025-06-01T15:00:01.760000Z
marker1.90	142.07	217.77	70.08	0.5848	0.8008	-0.1128	-0.59	0.5451	0.5544	119.3	201.6	75.6	2025-06-01T15:00:01.780000Z
marker1.91	142.13	217.43	69.94	0.6008	0.8038	-0.0957	-0.5897	0.5524	0.5674	119.4	200.8	75.2	2025-06-01T15:00:01.800000Z
marker1.92	142.66	217.63	70.47	0.5792	0.8008	-0.12	-0.5908	0.5535	0.58	118.1	201.8	75.1	2025-06-01T15:00:01.820000Z
marker1.93	142.85	217.08	70.41	0.5695	0.7938	-0.0809	-0.6019	0.5522	0.5787	119.7	200.9	75.4	2025-06-01T15:00:01.840000Z
marker1.94	143.5	217.57	70.2	0.5905	0.8111	-0.0881	-0.5936	0.5386	0.5863	118.9	201.0	74.8	2025-06-01T15:00:01.860000Z
marker1.95	142.27	217.76	70.26	0.5842	0.8161	-0.0955	-0.6024	0.5596	0.5819	118.9	201.1	75.6	2025-06-01T15:00:01.880000Z
marker1.96	142.15	218.29	70.02	0.5813	0.7983	-0.0998	-0.611	0.5356	0.5859	119.1	200.3	74.1	2025-06-01T15:00:01.900000Z
marker1.97	141.98	216.94	70.92	0.5901	0.7931	-0.0775	-0.5902	0.5468	0.545	120.6	200.1	74.4	2025-06-01T15:00:01.920000Z
marker1.98	142.81	218.82	70.79	0.5856	0.8059	-0.0915	-0.5924	0.5528	0.571	119.5	200.4	75.1	2025-06-01T15:00:01.940000Z
marker1.99	141.45	217.55	69.61	0.569	0.8018	-0.0861	-0.5908	0.5343	0.5601	120.0	200.3	75.1	2025-06-01T15:00:01.960000Z
marker1.100	142.58	217.12	70.15	0.5667	0.794	-0.0968	-0.6159	0.5544	0.5698	119.8	200.9	75.9	2025-06-01T15:00:01.980000Z
marker1.101	142.36	217.39	70.16	0.5854	0.8005	-0.0996	-0.607	0.5434	0.556	120.4	200.2	74.9	2025-06-01T15:00:02Z
marker1.102	141.94	218.05	69.95	0.5925	0.7933	-0.0972	-0.6084	0.5715	0.5581	119.7	201.1	75.4	2025-06-01T15:00:02.020000Z
marker1.103	142.21	217.54	70.12	0.5785	0.8096	-0.0779	-0.6056	0.5363	0.5691	120.8	200.4	76.0	2025-06-01T15:00:02.040000Z
marker1.104	143.14	217.32	70.38	0.5963	0.7962	-0.102	-0.6058	0.5399	0.5635	118.9	200.8	74.8	2025-06-01T15:00:02.060000Z
marker1.105	142.42	216.82	70.27	0.5883	0.7801	-0.0963	-0.5877	0.5379	0.5867	119.7	200.4	75.2	2025-06-01T15:00:02.080000Z
marker1.106	142.58	217.64	70.37	0.5708	0.8017	-0.1141	-0.6011	0.541	0.5626	120.1	201.3	75.5	2025-06-01T15:00:02.100000Z
marker1.107	141.75	217.44	70.71	0.5814	0.8232	-0.0961	-0.5981	0.5469	0.5713	119.4	201.2	75.7	2025-06-01T15:00:02.120000Z
marker1.108	141.91	216.93	69.18	0.5851	0.789	-0.1215	-0.5961	0.5749	0.5699	119.9	200.8	75.2	2025-06-01T15:00:02.140000Z
marker1.109	142.76	217.45	70.23	0.5832	0.7933	-0.0901	-0.6017	0.5424	0.5754	119.1	200.8	75.2	2025-06-01T15:00:02.160000Z
marker1.110	142.84	217.84	70.09	0.5882	0.8139	-0.0944	-0.5999	0.5369	0.5593	119.3	200.5	75.1	2025-06-01T15:00:02.180000Z
marker1.111	142.33	217.86	70.06	0.5849	0.8006	-0.1198	-0.6094	0.5486	0.5579	119.8	201.6	75.8	2025-06-01T15:00:02.200000Z
marker1.112	142.19	218.35	70.17	0.5766	0.7939	-0.103	-0.6039	0.5517	0.5716	119.5	201.0	75.8	2025-06-01T15:00:02.220000Z
marker1.113	142.77	216.86	68.82	0.5893	0.7863	-0.1022	-0.6117	0.532	0.5754	119.9	200.5	73.9	2025-06-01T15:00:02.240000Z
marker1.114	142.03	217.8	69.36	0.5818	0.7998	-0.0942	-0.5988	0.5403	0.582	119.4	200.8	74.7	2025-06-01T15:00:02.260000Z
marker1.115	142.08	217.16	70.01	0.5971	0.7863	-0.1161	-0.5853	0.5479	0.5633	120.0	200.5	76.1	2025-06-01T15:00:02.280000Z
marker1.116	142.64	217.36	71.18	0.5739	0.8074	-0.097	-0.587	0.5656	0.5703	119.1	201.0	74.9	2025-06-01T15:00:02.300000Z
marker1.117	143.31	217.67	69.92	0.5818	0.7865	-0.1097	-0.588	0.5434	0.5595	119.8	201.4	75.6	2025-06-01T15:00:02.320000Z
marker1.118	142.8	217.22	69.39	0.595	0.7968	-0.1025	-0.5867	0.5556	0.5746	120.6	200.5	75.7	2025-06-01T15:00:02.340000Z
marker1.119	142.33	217.73	70.86	0.5851	0.8054	-0.0893	-0.6036	0.5416	0.5596	118.5	201.8	74.6	2025-06-01T15:00:02.360000Z
marker1.120	142.19	217.46	70.25	0.5882	0.8086	-0.1058	-0.6017	0.5528	0.5675	120.3	201.0	75.6	2025-06-01T15:00:02.380000Z
marker1.121	142.63	218.19	70.19	0.567	0.804	-0.1065	-0.6053	0.5559	0.5824	119.5	201.0	76.1	2025-06-01T15:00:02.400000Z
marker1.122	142.42	218.9	70.38	0.5624	0.8075	-0.0962	-0.5871	0.5567	0.5686	118.9	200.7	74.8	2025-06-01T15:00:02.420000Z
marker1.123	142.01	217.89	70.93	0.5839	0.788	-0.0956	-0.588	0.5439	0.5687	119.5	200.4	75.5	2025-06-01T15:00:02.440000Z
marker1.124	142.24	217.81	69.66	0.5756	0.8072	-0.1037	-0.5827	0.546	0.5722	120.0	200.1	74.3	2025-06-01T15:00:02.460000Z
marker1.125	141.54	218.23	69.82	0.6056	0.7944	-0.0982	-0.5846	0.5701	0.5906	120.1	201.3	75.5	2025-06-01T15:00:02.480000Z
marker1.126	142.69	217.32	69.69	0.58	0.7983	-0.1045	-0.593	0.5596	0.5709	120.2	200.2	75.1	2025-06-01T15:00:02.500000Z
marker1.127	141.94	216.67	70.06	0.5788	0.8151	-0.0937	-0.6102	0.5685	0.5822	119.8	200.7	74.7	2025-06-01T15:00:02.520000Z
marker1.128	142.11	218.14	71.04	0.5954	0.7951	-0.1112	-0.5986	0.5323	0.5732	119.4	200.6	74.4	2025-06-01T15:00:02.540000Z
marker1.129	142.56	217.33	69.52	0.5513	0.7997	-0.0823	-0.5834	0.5454	0.564	119.7	200.3	75.4	2025-06-01T15:00:02.560000Z
marker1.130	142.68	218.21	70.05	0.578	0.7912	-0.1083	-0.6023	0.5537	0.5791	119.1	201.5	75.1	2025-06-01T15:00:02.580000Z
marker1.131	142.29	217.23	68.89	0.5888	0.8074	-0.1028	-0.5993	0.5552	0.5544	119.2	201.2	74.6	2025-06-01T15:00:02.600000Z
marker1.132	142.45	216.92	70.33	0.5796	0.7838	-0.0884	-0.6073	0.5419	0.572	120.1	200.3	75.2	2025-06-01T15:00:02.620000Z
marker1.133	142.51	217.95	70.19	0.5763	0.7917	-0.0991	-0.6107	0.5208	0.5744	120.0	199.6	74.7	2025-06-01T15:00:02.640000Z
marker1.134	142.61	218.63	70.11	0.5727	0.7982	-0.0863	-0.6065	0.542	0.5652	119.0	200.9	76.0	2025-06-01T15:00:02.660000Z
marker1.135	142.46	217.47	69.95	0.5644	0.8088	-0.1008	-0.6018	0.5819	0.573	119.1	200.6	75.8	2025-06-01T15:00:02.680000Z
marker1.136	142.36	216.88	70.56	0.5733	0.8187	-0.0892	-0.6045	0.5628	0.5707	119.9	201.0	74.8	2025-06-01T15:00:02.700000Z
marker1.137	141.98	218.11	69.93	0.576	0.7904	-0.0958	-0.5794	0.5393	0.5702	120.2	200.8	75.4	2025-06-01T15:00:02.720000Z
marker1.138	141.77	217.81	70.01	0.5899	0.8119	-0.0741	-0.5942	0.5533	0.5719	119.3	201.0	75.1	2025-06-01T15:00:02.740000Z
marker1.139	142.38	218.26	69.6	0.5914	0.8132	-0.1012	-0.6212	0.5439	0.583	119.5	200.3	74.9	2025-06-01T15:00:02.760000Z
marker1.140	142.72	217.87	69.98	0.5763	0.7961	-0.1092	-0.5838	0.5468	0.5822	120.3	201.3	75.0	2025-06-01T15:00:02.780000Z
marker1.141	142.5	217.59	69.65	0.5832	0.7882	-0.0881	-0.6046	0.552	0.5728	119.4	201.1	75.0	2025-06-01T15:00:02.800000Z
marker1.142	142.74	216.93	70.16	0.5994	0.79	-0.1068	-0.5949	0.5518	0.5735	119.7	201.1	75.8	2025-06-01T15:00:02.820000Z
marker1.143	142.5	217.48	70.44	0.599	0.7987	-0.1097	-0.5889	0.5488	0.5483	119.9	200.5	75.2	2025-06-01T15:00:02.840000Z
marker1.144	142.47	217.7	70.45	0.5756	0.8051	-0.1026	-0.5926	0.5562	0.5606	120.0	200.5	75.6	2025-06-01T15:00:02.860000Z
marker1.145	142.48	218.52	69.99	0.5765	0.7998	-0.103	-0.592	0.5338	0.5595	119.0	201.3	76.1	2025-06-01T15:00:02.880000Z
marker1.146	142.25	217.52	70.14	0.5916	0.7907	-0.0976	-0.5902	0.555	0.5719	120.0	199.4	75.5	2025-06-01T15:00:02.900000Z
marker1.147	141.97	216.68	70.36	0.5937	0.7986	-0.0905	-0.5839	0.5631	0.5864	119.9	200.8	74.4	2025-06-01T15:00:02.920000Z
marker1.148	142.18	217.18	71.19	0.5782	0.8012	-0.0945	-0.5996	0.567	0.5638	119.6	200.4	74.5	2025-06-01T15:00:02.940000Z
marker1.149	141.99	217.58	69.89	0.5731	0.7859	-0.1008	-0.615	0.5576	0.5708	118.8	200.6	74.8	2025-06-01T15:00:02.960000Z
marker1.150	142.46	218.27	69.16	0.5812	0.7984	-0.0933	-0.5979	0.5425	0.5668	119.1	201.3	75.2	2025-06-01T15:00:02.980000Z
marker1.151	143.25	217.57	69.75	0.5649	0.782	-0.1158	-0.5973	0.5551	0.5542	119.9	200.6	75.3	2025-06-01T15:00:03Z
marker1.152	143.11	218.05	69.97	0.5711	0.7785	-0.1072	-0.6021	0.5401	0.5687	119.5	200.7	74.9	2025-06-01T15:00:03.020000Z
marker1.153	142.38	217.82	69.55	0.5941	0.799	-0.0998	-0.5929	0.5523	0.5795	119.6	200.5	75.4	2025-06-01T15:00:03.040000Z
marker1.154	141.73	217.65	70.08	0.5779	0.7987	-0.1188	-0.6055	0.5509	0.5716	119.0	201.4	74.8	2025-06-01T15:00:03.060000Z
marker1.155	142.78	217.81	69.78	0.5978	0.7881	-0.0908	-0.59	0.5433	0.5839	119.4	200.9	75.3	2025-06-01T15:00:03.080000Z
marker1.156	142.23	218.01	70.5	0.5625	0.813	-0.1166	-0.5897	0.5613	0.5591	119.3	200.2	75.1	2025-06-01T15:00:03.100000Z
marker1.157	142.15	217.99	70.76	0.594	0.7944	-0.1021	-0.6168	0.5419	0.5796	120.3	200.2	74.9	2025-06-01T15:00:03.120000Z
marker1.158	142.29	217.74	69.7	0.5842	0.7953	-0.1001	-0.5945	0.5501	0.5656	119.4	200.8	75.0	2025-06-01T15:00:03.140000Z
marker1.159	142.17	218.4	70.38	0.577	0.807	-0.1033	-0.5883	0.5537	0.5689	119.7	200.0	74.6	2025-06-01T15:00:03.160000Z
marker1.160	141.7	217.67	70.97	0.6023	0.8064	-0.095	-0.618	0.5446	0.5621	119.2	200.7	75.0	2025-06-01T15:00:03.180000Z
marker1.161	141.31	217.97	69.56	0.5824	0.8207	-0.1092	-0.6253	0.5471	0.581	120.5	200.2	75.4	2025-06-01T15:00:03.200000Z
marker1.162	142.07	217.55	71.42	0.565	0.8025	-0.0953	-0.5891	0.551	0.5731	119.3	200.9	75.0	2025-06-01T15:00:03.220000Z
marker1.163	142.61	217.42	70.29	0.5797	0.8113	-0.1005	-0.6177	0.5626	0.5609	119.2	200.5	75.9	2025-06-01T15:00:03.240000Z
marker1.164	141.23	219.17	70.63	0.5822	0.7995	-0.0971	-0.5948	0.5565	0.5756	119.5	200.7	75.1	2025-06-01T15:00:03.260000Z
marker1.165	142.2	218.17	70.4	0.5506	0.8066	-0.0981	-0.6002	0.5461	0.5812	120.0	200.4	75.4	2025-06-01T15:00:03.280000Z
marker1.166	141.81	216.91	69.79	0.5886	0.8095	-0.0949	-0.5927	0.5552	0.5636	119.7	201.2	75.6	2025-06-01T15:00:03.300000Z
marker1.167	142.89	217.95	70.28	0.5907	0.7997	-0.1088	-0.6016	0.5426	0.5632	119.4	200.4	75.0	2025-06-01T15:00:03.320000Z
marker1.168	141.35	217.71	70.1	0.5718	0.8066	-0.0906	-0.6161	0.5424	0.5623	119.0	201.2	75.1	2025-06-01T15:00:03.340000Z
marker1.169	142.17	216.6	70.42	0.5676	0.8006	-0.0972	-0.5864	0.5369	0.5398	119.6	201.7	75.8	2025-06-01T15:00:03.360000Z
marker1.170	142.4	217.35	70.5	0.5703	0.8048	-0.0949	-0.5894	0.5776	0.5739	119.2	200.8	74.3	2025-06-01T15:00:03.380000Z
marker1.171	141.95	217.4	69.84	0.5815	0.7918	-0.0888	-0.6	0.5499	0.5667	119.6	201.2	74.8	2025-06-01T15:00:03.400000Z
marker1.172	141.97	217.45	69.43	0.5718	0.7952	-0.0913	-0.5974	0.5519	0.5785	119.4	201.0	75.1	2025-06-01T15:00:03.420000Z
marker1.173	142.43	217.31	68.88	0.5787	0.8142	-0.0907	-0.5903	0.5624	0.5709	119.6	200.5	75.0	2025-06-01T15:00:03.440000Z
marker1.174	142.61	218.2	70.03	0.5755	0.8	-0.094	-0.6144	0.527	0.5645	118.9	200.5	75.1	2025-06-01T15:00:03.460000Z
marker1.175	142.07	218.33	70.26	0.583	0.8062	-0.1114	-0.5896	0.5492	0.5767	119.0	200.0	75.6	2025-06-01T15:00:03.480000Z
marker1.176	142.49	217.15	69.67	0.5913	0.7881	-0.0836	-0.609	0.5564	0.5667	119.8	200.5	75.1	2025-06-01T15:00:03.500000Z
marker1.177	142.32	217.1	70.47	0.5749	0.7977	-0.1099	-0.6256	0.5481	0.5941	119.9	200.8	75.1	2025-06-01T15:00:03.520000Z
marker1.178	142.31	217.87	69.51	0.5911	0.8072	-0.0928	-0.5956	0.5502	0.5767	119.8	200.6	74.9	2025-06-01T15:00:03.540000Z
marker1.179	142.35	218.37	69.48	0.5653	0.8016	-0.0995	-0.5983	0.5524	0.5678	120.2	200.0	74.8	2025-06-01T15:00:03.560000Z
marker1.180	142.25	216.78	70.01	0.5966	0.8002	-0.0977	-0.6126	0.5438	0.5662	119.3	201.4	75.5	2025-06-01T15:00:03.580000Z
marker1.181	141.74	217.72	70.35	0.5914	0.8158	-0.1102	-0.6081	0.5374	0.5677	119.7	201.3	75.2	2025-06-01T15:00:03.600000Z
marker1.182	142.14	217.68	69.68	0.6009	0.7839	-0.0982	-0.5798	0.5501	0.5681	119.3	200.7	75.9	2025-06-01T15:00:03.620000Z
marker1.183	141.19	218.37	69.39	0.5773	0.7957	-0.0941	-0.616	0.5546	0.5902	118.8	200.9	74.9	2025-06-01T15:00:03.640000Z
marker1.184	142.51	217.61	69.78	0.5849	0.818	-0.1019	-0.5928	0.5371	0.5604	119.7	201.5	75.4	2025-06-01T15:00:03.660000Z
marker1.185	142.14	217.6	69.47	0.586	0.8088	-0.1045	-0.6047	0.5527	0.5656	119.5	201.8	75.1	2025-06-01T15:00:03.680000Z
marker1.186	142.12	217.28	70.47	0.5782	0.7935	-0.0868	-0.5858	0.544	0.5513	120.0	200.5	75.6	2025-06-01T15:00:03.700000Z
marker1.187	141.31	218.05	69.49	0.5873	0.8001	-0.1095	-0.6041	0.5569	0.5711	119.8	201.8	74.4	2025-06-01T15:00:03.720000Z
marker1.188	143.11	217.65	69.65	0.5667	0.7981	-0.0908	-0.6013	0.5651	0.5555	119.5	200.2	75.4	2025-06-01T15:00:03.740000Z
marker1.189	142.74	217.39	68.8	0.582	0.8044	-0.096	-0.5876	0.5393	0.5768	120.1	199.9	75.4	2025-06-01T15:00:03.760000Z
marker1.190	142.05	217.56	70.27	0.5751	0.7932	-0.0997	-0.6109	0.5391	0.5768	118.9	201.1	75.4	2025-06-01T15:00:03.780000Z
marker1.191	141.44	217.26	70.7	0.5702	0.7954	-0.0954	-0.5922	0.5475	0.564	120.2	201.7	75.7	2025-06-01T15:00:03.800000Z
marker1.192	142.34	217.2	69.68	0.5852	0.8042	-0.086	-0.5935	0.535	0.5805	119.0	200.6	75.3	2025-06-01T15:00:03.820000Z
marker1.193	143.3	219.15	70.4	0.5782	0.8053	-0.0911	-0.6032	0.568	0.5723	119.7	201.1	75.4	2025-06-01T15:00:03.840000Z
marker1.194	142.72	217.29	69.82	0.569	0.8044	-0.0922	-0.5954	0.5667	0.5699	119.8	200.3	75.0	2025-06-01T15:00:03.860000Z
marker1.195	142.65	218.02	69.95	0.5793	0.7848	-0.1036	-0.5911	0.5558	0.575	119.5	200.8	74.9	2025-06-01T15:00:03.880000Z
marker1.196	142.65	217.81	70.35	0.5747	0.7785	-0.089	-0.6048	0.5414	0.5769	119.3	201.3	75.5	2025-06-01T15:00:03.900000Z
marker1.197	142.64	216.92	70.71	0.5826	0.7963	-0.0986	-0.6178	0.5541	0.5597	118.8	200.0	75.8	2025-06-01T15:00:03.920000Z
marker1.198	141.99	218.37	69.83	0.5629	0.7888	-0.0876	-0.6016	0.5445	0.5716	119.8	201.4	75.9	2025-06-01T15:00:03.940000Z
marker1.199	142.12	216.94	69.89	0.5826	0.7904	-0.1096	-0.5966	0.5495	0.5703	119.1	200.7	74.7	2025-06-01T15:00:03.960000Z
marker1.200	142.75	218.12	69.18	0.5707	0.785	-0.1065	-0.6008	0.5355	0.5608	119.0	200.9	75.2	2025-06-01T15:00:03.980000Z
marker1.201	141.94	217.69	69.83	0.5773	0.8167	-0.0866	-0.613	0.5583	0.5781	118.9	201.2	76.0	2025-06-01T15:00:04Z
marker1.202	141.74	217.14	70.61	0.5827	0.8055	-0.0966	-0.5961	0.5367	0.5805	120.1	200.7	75.2	2025-06-01T15:00:04.020000Z
marker1.203	141.53	217.86	70.39	0.5794	0.8112	-0.1033	-0.5944	0.5398	0.5698	119.4	200.9	75.0	2025-06-01T15:00:04.040000Z
marker1.204	142.23	218.01	69.88	0.5639	0.8175	-0.0862	-0.6129	0.5569	0.565	119.6	200.9	75.1	2025-06-01T15:00:04.060000Z
marker1.205	141.91	217.25	69.64	0.5717	0.7993	-0.1072	-0.5932	0.5649	0.5642	119.6	201.0	75.4	2025-06-01T15:00:04.080000Z
marker1.206	142.34	217.97	70.34	0.5676	0.8087	-0.0911	-0.6076	0.5504	0.5768	119.4	201.3	76.4	2025-06-01T15:00:04.100000Z
marker1.207	141.91	216.91	70.25	0.5872	0.7977	-0.0855	-0.6134	0.5569	0.5639	120.4	201.8	74.8	2025-06-01T15:00:04.120000Z
marker1.208	142.03	218.03	69.91	0.5795	0.8003	-0.1192	-0.6001	0.5431	0.5651	120.2	200.2	75.6	2025-06-01T15:00:04.140000Z
marker1.209	142.16	217.46	70.5	0.5834	0.8057	-0.0903	-0.6033	0.5439	0.5591	119.1	202.3	75.8	2025-06-01T15:00:04.160000Z
marker1.210	141.62	216.94	70.34	0.5855	0.8055	-0.1025	-0.6013	0.5533	0.5709	118.4	200.7	74.8	2025-06-01T15:00:04.180000Z
marker1.211	142.39	219.09	70.28	0.5769	0.8092	-0.0952	-0.5958	0.5561	0.5906	118.9	201.0	74.7	2025-06-01T15:00:04.200000Z
marker1.212	142.58	217.14	69.89	0.577	0.8098	-0.0908	-0.6125	0.5505	0.5629	118.9	200.7	75.0	2025-06-01T15:00:04.220000Z
marker1.213	143.51	217.82	69.41	0.5744	0.8102	-0.0791	-0.6159	0.5312	0.5887	119.7	200.4	75.5	2025-06-01T15:00:04.240000Z
marker1.214	140.98	217.6	70.26	0.5892	0.7899	-0.0991	-0.6093	0.5526	0.561	119.3	200.3	75.5	2025-06-01T15:00:04.260000Z
marker1.215	142.73	217.48	70.12	0.5655	0.797	-0.1005	-0.5738	0.5389	0.5846	120.0	200.9	76.1	2025-06-01T15:00:04.280000Z
marker1.216	142.49	217.79	70.07	0.5922	0.811	-0.1063	-0.6132	0.548	0.562	119.5	201.4	75.0	2025-06-01T15:00:04.300000Z
marker1.217	142.28	217.63	70.52	0.5575	0.7939	-0.0979	-0.588	0.5451	0.5512	119.8	200.5	74.6	2025-06-01T15:00:04.320000Z
marker1.218	141.99	217.51	69.8	0.5579	0.809	-0.0873	-0.5935	0.5386	0.568	119.5	201.1	75.5	2025-06-01T15:00:04.340000Z
marker1.219	141.93	217.64	70.33	0.5946	0.807	-0.0921	-0.5992	0.5641	0.5741	119.1	201.5	75.5	2025-06-01T15:00:04.360000Z
marker1.220	142.08	217.36	70.25	0.5846	0.802	-0.0969	-0.583	0.5607	0.5719	120.0	200.3	75.4	2025-06-01T15:00:04.380000Z
marker1.221	143.2	217.49	69.68	0.5735	0.7891	-0.1078	-0.6037	0.5359	0.5702	120.0	200.3	76.0	2025-06-01T15:00:04.400000Z
marker1.222	142.56	218.12	69.77	0.5885	0.7891	-0.0911	-0.5983	0.5555	0.5582	119.1	201.1	74.7	2025-06-01T15:00:04.420000Z
marker1.223	142.53	216.92	70.52	0.5677	0.8055	-0.0937	-0.607	0.5558	0.5726	119.2	200.3	74.2	2025-06-01T15:00:04.440000Z
marker1.224	142.47	216.82	70.15	0.5774	0.8068	-0.103	-0.6033	0.5573	0.5734	119.7	201.0	74.4	2025-06-01T15:00:04.460000Z
marker1.225	142.68	217.91	69.59	0.5776	0.7996	-0.1013	-0.5967	0.5643	0.5808	118.8	201.1	75.9	2025-06-01T15:00:04.480000Z
marker1.226	142.49	218.15	71.11	0.5902	0.8025	-0.0895	-0.5986	0.5502	0.5665	120.3	200.4	76.0	2025-06-01T15:00:04.500000Z
marker1.227	142.55	216.9	70.28	0.559	0.8063	-0.0911	-0.6059	0.5512	0.5895	119.2	200.3	75.9	2025-06-01T15:00:04.520000Z
marker1.228	143.28	217.6	70.61	0.5934	0.7926	-0.1049	-0.5877	0.5669	0.5756	119.1	201.8	74.9	2025-06-01T15:00:04.540000Z
marker1.229	142.13	217.77	70.88	0.5885	0.8041	-0.0954	-0.5996	0.5556	0.5447	119.4	200.9	74.6	2025-06-01T15:00:04.560000Z
marker1.230	142.49	217.5	70.98	0.5957	0.7953	-0.1015	-0.6007	0.5455	0.572	119.1	200.2	75.5	2025-06-01T15:00:04.580000Z
marker1.231	142.61	217.2	70.55	0.5737	0.8025	-0.0918	-0.6003	0.5545	0.5648	119.4	200.7	74.8	2025-06-01T15:00:04.600000Z
marker1.232	142.21	216.83	69.85	0.5772	0.7974	-0.1024	-0.6006	0.5548	0.5787	119.2	200.2	74.7	2025-06-01T15:00:04.620000Z
marker1.233	142.06	217.42	69.72	0.567	0.7954	-0.0982	-0.594	0.5444	0.5659	119.0	200.8	74.8	2025-06-01T15:00:04.640000Z
marker1.234	142.59	216.71	69.92	0.583	0.8018	-0.0731	-0.5965	0.54	0.569	118.6	200.8	74.8	2025-06-01T15:00:04.660000Z
marker1.235	142.76	217.33	70.04	0.5736	0.8174	-0.1032	-0.5817	0.5581	0.5748	119.7	201.0	74.2	2025-06-01T15:00:04.680000Z
marker1.236	142.16	218.02	70.08	0.5659	0.7995	-0.083	-0.5875	0.5494	0.5795	119.3	199.9	74.7	2025-06-01T15:00:04.700000Z
marker1.237	143.08	217.46	69.98	0.577	0.819	-0.0837	-0.5778	0.5484	0.573	118.7	201.5	74.6	2025-06-01T15:00:04.720000Z
marker1.238	142.41	217.05	69.81	0.5716	0.7939	-0.1054	-0.6055	0.5583	0.559	119.6	201.4	74.9	2025-06-01T15:00:04.740000Z
marker1.239	141.94	217.48	70.69	0.5819	0.7947	-0.0952	-0.611	0.5568	0.5741	119.3	200.4	74.8	2025-06-01T15:00:04.760000Z
marker1.240	142.57	218.21	69.78	0.5846	0.7791	-0.1058	-0.6003	0.5409	0.5606	119.2	200.9	75.1	2025-06-01T15:00:04.780000Z
marker1.241	141.18	216.54	69.8	0.5846	0.7725	-0.105	-0.6053	0.5639	0.5661	119.7	200.9	74.1	2025-06-01T15:00:04.800000Z
marker1.242	142.68	217.71	70.35	0.6193	0.7792	-0.0828	-0.6029	0.5529	0.5695	119.3	200.5	75.4	2025-06-01T15:00:04.820000Z
marker1.243	141.54	217.98	69.89	0.5687	0.7955	-0.0874	-0.6054	0.5536	0.5627	119.9	201.1	76.1	2025-06-01T15:00:04.840000Z
marker1.244	142.21	217.93	70.15	0.593	0.7928	-0.0925	-0.6019	0.5494	0.5709	119.6	200.7	75.3	2025-06-01T15:00:04.860000Z
marker1.245	143.09	218.09	70.53	0.5754	0.7911	-0.0904	-0.5912	0.5647	0.564	119.4	200.0	75.0	2025-06-01T15:00:04.880000Z
marker1.246	142.8	217.37	70.42	0.5781	0.8032	-0.1115	-0.5991	0.5201	0.5681	118.7	201.4	75.6	2025-06-01T15:00:04.900000Z
marker1.247	142.53	218.36	69.63	0.5975	0.8093	-0.1024	-0.5886	0.5389	0.5618	119.2	200.5	74.7	2025-06-01T15:00:04.920000Z
marker1.248	142.91	217.47	70.28	0.5743	0.7818	-0.0973	-0.6191	0.5493	0.5563	120.5	201.3	75.3	2025-06-01T15:00:04.940000Z
marker1.249	142.93	217.18	70.37	0.582	0.8026	-0.0873	-0.5927	0.5529	0.5535	119.0	200.7	75.2	2025-06-01T15:00:04.960000Z
marker1.250	141.73	218.81	70.86	0.586	0.8007	-0.1021	-0.6095	0.5508	0.5726	118.9	201.0	75.1	2025-06-01T15:00:04.980000Z
marker1.251	141.35	217.17	69.89	0.5989	0.8056	-0.1134	-0.5951	0.5345	0.5808	119.3	200.8	75.9	2025-06-01T15:00:05Z
marker1.252	141.66	216.9	69.81	0.5904	0.7848	-0.1283	-0.6045	0.5555	0.582	119.3	200.6	75.8	2025-06-01T15:00:05.020000Z
marker1.253	141.37	217.41	70.2	0.5845	0.7949	-0.0997	-0.6249	0.5434	0.5745	119.0	200.8	75.4	2025-06-01T15:00:05.040000Z
marker1.254	142.13	217.69	69.62	0.5779	0.8061	-0.0984	-0.6059	0.5522	0.5771	118.5	201.4	75.0	2025-06-01T15:00:05.060000Z
marker1.255	142.51	218.2	69.41	0.5729	0.7971	-0.1078	-0.5827	0.5414	0.5644	119.6	200.2	75.0	2025-06-01T15:00:05.080000Z
marker1.256	142.46	217.43	70.05	0.5747	0.7849	-0.0968	-0.5825	0.5502	0.5723	119.8	200.2	76.1	2025-06-01T15:00:05.100000Z
marker1.257	142.4	218.42	69.73	0.5982	0.8078	-0.0945	-0.5977	0.5475	0.582	119.6	199.8	74.6	2025-06-01T15:00:05.120000Z
marker1.258	142.21	217.75	70.07	0.5922	0.7805	-0.0986	-0.6182	0.5576	0.5691	119.7	200.4	75.8	2025-06-01T15:00:05.140000Z
marker1.259	142.82	217.89	70.04	0.5858	0.7929	-0.0914	-0.5835	0.5607	0.5627	119.7	200.2	75.5	2025-06-01T15:00:05.160000Z
marker1.260	142.53	216.67	69.52	0.5772	0.797	-0.1121	-0.5961	0.5525	0.5681	119.1	201.3	76.0	2025-06-01T15:00:05.180000Z
marker1.261	142.06	217.29	70.35	0.5764	0.7986	-0.0926	-0.6191	0.5632	0.5707	119.3	200.8	75.2	2025-06-01T15:00:05.200000Z
marker1.262	141.43	218.35	70.12	0.5844	0.8095	-0.1102	-0.5953	0.5473	0.5785	118.4	200.8	74.9	2025-06-01T15:00:05.220000Z
marker1.263	142.52	217.84	69.75	0.5729	0.7989	-0.109	-0.5916	0.5463	0.5409	119.3	200.3	74.4	2025-06-01T15:00:05.240000Z
marker1.264	141.68	217.65	70.76	0.5831	0.7939	-0.0954	-0.6046	0.5431	0.5585	118.6	200.6	75.3	2025-06-01T15:00:05.260000Z
marker1.265	142.25	217.39	69.63	0.5861	0.7868	-0.0922	-0.61	0.5425	0.5553	119.2	201.3	75.5	2025-06-01T15:00:05.280000Z
marker1.266	142.79	217.86	69.55	0.5767	0.7922	-0.0867	-0.612	0.5589	0.5789	120.4	200.6	75.6	2025-06-01T15:00:05.300000Z
marker1.267	143.44	217.29	69.33	0.5612	0.8071	-0.1188	-0.6037	0.5544	0.5719	119.7	200.9	75.8	2025-06-01T15:00:05.320000Z
marker1.268	141.82	217.26	69.71	0.5883	0.809	-0.0955	-0.5882	0.5382	0.5867	120.3	201.2	76.1	2025-06-01T15:00:05.340000Z
marker1.269	141.47	217.34	69.73	0.5872	0.7895	-0.0924	-0.5863	0.557	0.5728	119.0	200.4	75.8	2025-06-01T15:00:05.360000Z
marker1.270	142.69	217.58	69.89	0.5597	0.7893	-0.0809	-0.6128	0.5519	0.5801	118.9	200.9	75.7	2025-06-01T15:00:05.380000Z
marker1.271	142.31	219.03	69.27	0.5906	0.7983	-0.0923	-0.5956	0.5427	0.5723	118.6	201.1	75.3	2025-06-01T15:00:05.400000Z
marker1.272	142.62	218.13	70.28	0.5815	0.7912	-0.1071	-0.5881	0.5644	0.5676	119.5	200.3	75.8	2025-06-01T15:00:05.420000Z
marker1.273	142.63	218.57	69.66	0.5762	0.8023	-0.0935	-0.6022	0.5413	0.5788	119.9	200.3	75.9	2025-06-01T15:00:05.440000Z
marker1.274	142.89	217.67	70.14	0.5855	0.7914	-0.0997	-0.6215	0.5588	0.5544	120.3	200.6	75.1	2025-06-01T15:00:05.460000Z
marker1.275	141.99	217.46	70.81	0.5551	0.8128	-0.0966	-0.6121	0.5392	0.5868	119.0	200.2	75.8	2025-06-01T15:00:05.480000Z
marker1.276	142.47	217.13	70.21	0.5697	0.811	-0.0894	-0.5947	0.5536	0.5876	119.5	200.2	75.4	2025-06-01T15:00:05.500000Z
marker1.277	143.34	217.09	69.92	0.5842	0.7995	-0.1098	-0.5888	0.5732	0.572	119.0	200.0	75.3	2025-06-01T15:00:05.520000Z
marker1.278	142.85	217.84	70.1	0.5741	0.7891	-0.0917	-0.5909	0.5345	0.5859	119.8	201.5	74.5	2025-06-01T15:00:05.540000Z
marker1.279	141.62	217.53	70.35	0.598	0.8071	-0.1024	-0.6103	0.5623	0.5604	120.3	200.7	76.0	2025-06-01T15:00:05.560000Z
marker1.280	142.64	217.53	69.84	0.5766	0.8043	-0.0992	-0.6059	0.5483	0.5708	118.4	201.0	74.7	2025-06-01T15:00:05.580000Z
marker1.281	141.72	216.76	69.2	0.5664	0.7929	-0.0805	-0.6053	0.5518	0.574	119.6	200.8	74.6	2025-06-01T15:00:05.600000Z
marker1.282	143.03	218.5	69.26	0.5698	0.7972	-0.1096	-0.5949	0.5427	0.5917	120.1	200.9	75.7	2025-06-01T15:00:05.620000Z
marker1.283	142.85	217.32	69.69	0.5808	0.8086	-0.0986	-0.6158	0.542	0.5693	119.5	201.8	74.5	2025-06-01T15:00:05.640000Z
marker1.284	142.55	218.34	71.24	0.576	0.8049	-0.0943	-0.598	0.549	0.5744	118.2	201.1	75.3	2025-06-01T15:00:05.660000Z
marker1.285	142.19	218.62	69.76	0.576	0.8199	-0.1083	-0.6055	0.5485	0.5784	119.6	200.2	74.9	2025-06-01T15:00:05.680000Z
marker1.286	142.0	217.56	70.31	0.5842	0.7822	-0.0894	-0.5975	0.5638	0.5744	120.1	201.0	75.9	2025-06-01T15:00:05.700000Z
marker1.287	142.56	217.55	71.24	0.5889	0.8057	-0.1128	-0.6129	0.5529	0.5715	119.2	200.9	76.0	2025-06-01T15:00:05.720000Z
marker1.288	142.65	217.03	70.04	0.572	0.7961	-0.1041	-0.6048	0.5374	0.5687	119.2	199.3	76.2	2025-06-01T15:00:05.740000Z
marker1.289	142.84	217.41	70.11	0.5683	0.817	-0.081	-0.5984	0.5602	0.5718	118.8	200.6	75.3	2025-06-01T15:00:05.760000Z
marker1.290	142.07	217.49	70.05	0.5792	0.8005	-0.1106	-0.6072	0.5372	0.5798	118.4	201.4	75.9	2025-06-01T15:00:05.780000Z
marker1.291	142.15	216.3	69.92	0.5794	0.7899	-0.1052	-0.5847	0.5566	0.5608	118.7	200.6	75.1	2025-06-01T15:00:05.800000Z
marker1.292	142.55	217.33	70.36	0.5994	0.8082	-0.1005	-0.6018	0.5464	0.5818	119.2	200.8	75.2	2025-06-01T15:00:05.820000Z
marker1.293	142.05	216.91	70.26	0.5794	0.805	-0.1053	-0.5878	0.5412	0.5871	118.6	201.0	75.4	2025-06-01T15:00:05.840000Z
marker1.294	141.9	217.81	70.74	0.5578	0.805	-0.1249	-0.6097	0.5663	0.5642	118.9	200.7	76.2	2025-06-01T15:00:05.860000Z
marker1.295	141.38	217.07	70.85	0.5986	0.799	-0.1124	-0.579	0.5659	0.5768	119.1	200.8	75.1	2025-06-01T15:00:05.880000Z
marker1.296	142.47	218.33	70.54	0.5692	0.8138	-0.0969	-0.5931	0.5647	0.5589	119.5	200.5	74.4	2025-06-01T15:00:05.900000Z
marker1.297	142.47	218.86	69.18	0.5797	0.8064	-0.0988	-0.6011	0.537	0.5723	119.1	199.7	75.8	2025-06-01T15:00:05.920000Z
marker1.298	142.78	217.63	70.21	0.5907	0.8022	-0.091	-0.603	0.5631	0.5732	119.6	200.2	75.3	2025-06-01T15:00:05.940000Z
marker1.299	141.88	217.28	69.69	0.5693	0.8212	-0.0867	-0.5808	0.5378	0.5707	118.9	200.5	74.7	2025-06-01T15:00:05.960000Z
marker1.300	142.92	217.4	70.63	0.586	0.823	-0.1148	-0.5874	0.5615	0.5603	120.0	201.0	75.1	2025-06-01T15:00:05.980000Z
marker1.301	141.89	217.24	71.12	0.58	0.8078	-0.1079	-0.6078	0.5608	0.5565	119.3	200.8	75.3	2025-06-01T15:00:06Z
marker1.302	142.21	217.8	70.45	0.5873	0.7901	-0.1028	-0.5881	0.5589	0.5563	119.7	199.8	75.2	2025-06-01T15:00:06.020000Z
marker1.303	143.25	217.13	69.68	0.5876	0.7846	-0.1063	-0.594	0.5437	0.5676	119.9	201.0	75.3	2025-06-01T15:00:06.040000Z
marker1.304	142.13	217.79	70.04	0.5846	0.795	-0.1018	-0.6099	0.5496	0.5619	118.9	200.9	75.3	2025-06-01T15:00:06.060000Z
marker1.305	142.69	217.38	70.3	0.5855	0.8044	-0.1083	-0.5985	0.5536	0.5701	118.5	200.9	76.3	2025-06-01T15:00:06.080000Z
marker1.306	142.12	217.24	70.29	0.5831	0.8119	-0.1126	-0.5927	0.5559	0.5686	119.7	201.3	75.6	2025-06-01T15:00:06.100000Z
marker1.307	141.73	218.01	70.07	0.5807	0.8007	-0.1015	-0.5881	0.5492	0.5588	119.3	200.9	75.8	2025-06-01T15:00:06.120000Z
marker1.308	142.6	217.17	71.34	0.5826	0.8128	-0.1015	-0.5947	0.5584	0.5822	120.0	201.2	75.0	2025-06-01T15:00:06.140000Z
marker1.309	142.01	217.77	70.57	0.5778	0.8107	-0.0855	-0.6092	0.5416	0.5686	119.7	200.5	75.9	2025-06-01T15:00:06.160000Z
marker1.310	142.51	217.62	69.38	0.5668	0.8028	-0.1213	-0.5899	0.5484	0.6024	120.7	200.7	75.1	2025-06-01T15:00:06.180000Z
marker1.311	142.8	218.45	69.28	0.5621	0.7938	-0.0942	-0.595	0.5607	0.558	118.3	201.2	74.8	2025-06-01T15:00:06.200000Z
marker1.312	141.29	217.67	70.5	0.5788	0.7954	-0.1016	-0.6037	0.5365	0.5629	119.8	201.0	75.3	2025-06-01T15:00:06.220000Z
marker1.313	141.8	217.51	69.01	0.5818	0.8143	-0.1147	-0.6059	0.5533	0.5825	119.3	200.5	74.2	2025-06-01T15:00:06.240000Z
marker1.314	142.35	218.62	70.24	0.5798	0.8032	-0.1001	-0.6081	0.5582	0.5723	119.5	200.3	75.9	2025-06-01T15:00:06.260000Z
marker1.315	142.63	217.32	70.6	0.575	0.7922	-0.1076	-0.6177	0.5547	0.5517	118.9	199.8	75.2	2025-06-01T15:00:06.280000Z
marker1.316	142.22	217.44	69.58	0.5683	0.8046	-0.1055	-0.5968	0.5411	0.5718	120.2	201.1	75.0	2025-06-01T15:00:06.300000Z
marker1.317	142.43	217.48	70.1	0.5767	0.7984	-0.0979	-0.6099	0.5398	0.5561	118.7	200.2	75.3	2025-06-01T15:00:06.320000Z
marker1.318	141.85	217.86	70.12	0.5603	0.8065	-0.0919	-0.6099	0.5542	0.5614	119.5	200.2	74.3	2025-06-01T15:00:06.340000Z
marker1.319	142.11	217.54	69.9	0.5682	0.796	-0.0973	-0.6004	0.5518	0.5633	120.1	200.2	75.4	2025-06-01T15:00:06.360000Z
marker1.320	142.89	217.84	70.0	0.5747	0.8104	-0.1142	-0.6097	0.546	0.5824	119.7	200.3	75.0	2025-06-01T15:00:06.380000Z
marker1.321	141.99	217.25	70.59	0.5663	0.8161	-0.0917	-0.5891	0.5454	0.5685	118.8	200.5	75.4	2025-06-01T15:00:06.400000Z
marker1.322	142.95	217.05	69.92	0.5785	0.786	-0.0941	-0.6072	0.548	0.5655	119.1	200.8	75.1	2025-06-01T15:00:06.420000Z
marker1.323	142.11	217.24	70.26	0.5965	0.8014	-0.09	-0.6139	0.5516	0.559	118.8	200.4	75.8	2025-06-01T15:00:06.440000Z
marker1.324	142.78	217.72	69.33	0.578	0.803	-0.0982	-0.6184	0.5411	0.5694	119.8	199.7	75.1	2025-06-01T15:00:06.460000Z
marker1.325	142.37	218.02	70.45	0.5858	0.792	-0.1191	-0.6039	0.56	0.5839	119.9	201.0	75.4	2025-06-01T15:00:06.480000Z
marker1.326	142.02	217.53	70.93	0.5706	0.8161	-0.1032	-0.5867	0.5359	0.5759	119.1	200.1	75.3	2025-06-01T15:00:06.500000Z
marker1.327	142.8	217.18	69.35	0.5791	0.7991	-0.0945	-0.5905	0.5494	0.5886	119.6	200.6	74.4	2025-06-01T15:00:06.520000Z
marker1.328	142.17	217.43	70.58	0.5846	0.7882	-0.0983	-0.5933	0.5653	0.5789	119.9	200.8	75.4	2025-06-01T15:00:06.540000Z
marker1.329	142.92	216.93	69.93	0.5723	0.8038	-0.0877	-0.606	0.5261	0.5659	120.0	201.1	75.4	2025-06-01T15:00:06.560000Z
marker1.330	142.16	216.96	70.36	0.5717	0.8218	-0.0943	-0.6058	0.5439	0.5691	119.4	201.4	75.3	2025-06-01T15:00:06.580000Z
marker1.331	141.93	218.55	70.12	0.5877	0.7939	-0.0964	-0.5969	0.5311	0.5902	120.1	200.6	74.6	2025-06-01T15:00:06.600000Z
marker1.332	142.47	217.64	70.28	0.5819	0.8051	-0.0855	-0.5943	0.5395	0.5836	120.3	202.4	74.6	2025-06-01T15:00:06.620000Z
marker1.333	142.42	216.56	70.38	0.5745	0.8192	-0.1077	-0.6169	0.5453	0.5502	119.9	199.8	75.2	2025-06-01T15:00:06.640000Z
marker1.334	141.26	217.44	70.92	0.5836	0.7914	-0.1003	-0.5998	0.5547	0.5563	119.8	199.4	74.9	2025-06-01T15:00:06.660000Z
marker1.335	142.06	217.92	70.11	0.5659	0.7902	-0.098	-0.6008	0.5442	0.5652	119.8	200.5	75.2	2025-06-01T15:00:06.680000Z
marker1.336	143.38	216.89	69.17	0.5878	0.7932	-0.1032	-0.6078	0.5474	0.586	119.9	201.2	74.5	2025-06-01T15:00:06.700000Z
marker1.337	141.72	216.18	69.7	0.5896	0.8052	-0.1022	-0.6002	0.5431	0.572	119.9	200.0	75.3	2025-06-01T15:00:06.720000Z
marker1.338	142.77	217.39	70.45	0.6081	0.799	-0.0961	-0.6074	0.5518	0.5746	119.6	200.3	75.3	2025-06-01T15:00:06.740000Z
marker1.339	143.03	217.82	70.58	0.5776	0.8075	-0.0972	-0.6095	0.5532	0.5601	119.2	200.9	75.3	2025-06-01T15:00:06.760000Z
marker1.340	141.71	218.13	70.39	0.573	0.7846	-0.1014	-0.6045	0.5511	0.5664	118.5	200.6	75.0	2025-06-01T15:00:06.780000Z
marker1.341	142.62	217.25	70.94	0.5609	0.8131	-0.1022	-0.5914	0.5508	0.5814	119.3	200.3	75.9	2025-06-01T15:00:06.800000Z
marker1.342	142.24	217.71	70.72	0.5697	0.806	-0.1059	-0.6013	0.5507	0.555	119.1	201.5	75.6	2025-06-01T15:00:06.820000Z
marker1.343	142.27	217.72	69.95	0.5936	0.798	-0.0977	-0.5885	0.5422	0.5856	118.7	201.6	75.0	2025-06-01T15:00:06.840000Z
marker1.344	142.18	216.65	69.87	0.5696	0.7939	-0.1014	-0.5904	0.5521	0.5731	119.0	200.4	76.1	2025-06-01T15:00:06.860000Z
marker1.345	141.93	218.43	69.98	0.58	0.8107	-0.0873	-0.6011	0.5461	0.5694	119.7	201.2	75.2	2025-06-01T15:00:06.880000Z
marker1.346	142.61	218.42	70.29	0.5831	0.7848	-0.1263	-0.5961	0.5491	0.5649	119.6	200.8	75.8	2025-06-01T15:00:06.900000Z
marker1.347	142.34	217.23	70.6	0.5778	0.8053	-0.1048	-0.6065	0.5508	0.5701	119.7	200.7	74.3	2025-06-01T15:00:06.920000Z
marker1.348	142.08	218.0	69.95	0.5775	0.8099	-0.1071	-0.6154	0.5484	0.5652	119.0	200.7	75.4	2025-06-01T15:00:06.940000Z
marker1.349	142.3	217.75	71.01	0.5766	0.8028	-0.1051	-0.6085	0.5442	0.5652	119.7	202.0	74.8	2025-06-01T15:00:06.960000Z
marker1.350	142.09	217.57	70.3	0.5826	0.8128	-0.1243	-0.6239	0.545	0.581	118.7	199.3	75.5	2025-06-01T15:00:06.980000Z
marker1.351	142.42	217.05	69.61	0.5703	0.8011	-0.1063	-0.5951	0.5215	0.5614	118.9	200.7	74.9	2025-06-01T15:00:07Z
marker1.352	142.7	216.67	70.12	0.5856	0.8186	-0.1048	-0.5968	0.532	0.5461	119.9	200.8	75.8	2025-06-01T15:00:07.020000Z
marker1.353	141.61	217.86	71.03	0.5842	0.8028	-0.0999	-0.6157	0.5636	0.5639	119.8	200.0	74.6	2025-06-01T15:00:07.040000Z
marker1.354	143.02	217.43	70.83	0.5792	0.7816	-0.0911	-0.6059	0.557	0.5703	118.7	200.9	76.3	2025-06-01T15:00:07.060000Z
marker1.355	142.55	217.57	70.64	0.5821	0.8021	-0.1109	-0.5977	0.5604	0.5616	120.2	200.8	74.8	2025-06-01T15:00:07.080000Z
marker1.356	142.8	217.46	70.48	0.5771	0.7994	-0.0951	-0.5971	0.53	0.5588	120.0	200.7	74.9	2025-06-01T15:00:07.100000Z
marker1.357	141.62	217.06	69.09	0.579	0.794	-0.1097	-0.6007	0.5536	0.5909	118.7	201.4	75.7	2025-06-01T15:00:07.120000Z
marker1.358	141.91	217.7	69.87	0.5819	0.8151	-0.0939	-0.5949	0.5457	0.5552	119.4	201.4	74.4	2025-06-01T15:00:07.140000Z
marker1.359	141.77	217.66	69.61	0.5721	0.7958	-0.1137	-0.6097	0.557	0.5569	118.7	200.5	75.6	2025-06-01T15:00:07.160000Z
marker1.360	142.2	217.37	70.12	0.5625	0.8049	-0.0962	-0.6041	0.5601	0.5587	120.1	200.9	75.0	2025-06-01T15:00:07.180000Z
marker1.361	142.29	217.55	70.71	0.5692	0.7924	-0.0896	-0.606	0.559	0.587	119.3	201.1	74.6	2025-06-01T15:00:07.200000Z
marker1.362	142.68	217.7	70.34	0.5735	0.7834	-0.095	-0.6206	0.5468	0.5794	119.6	201.8	75.7	2025-06-01T15:00:07.220000Z
marker1.363	141.97	217.61	70.08	0.5642	0.7906	-0.1056	-0.6204	0.5505	0.5675	118.7	201.0	75.6	2025-06-01T15:00:07.240000Z
marker1.364	142.41	217.44	70.4	0.5868	0.8031	-0.1082	-0.5972	0.562	0.564	120.5	200.5	75.2	2025-06-01T15:00:07.260000Z
marker1.365	141.96	217.71	69.23	0.5745	0.7891	-0.0986	-0.5901	0.5565	0.5463	120.5	200.9	74.8	2025-06-01T15:00:07.280000Z
marker1.366	142.38	217.69	69.77	0.582	0.7939	-0.104	-0.6069	0.5357	0.5715	119.8	201.1	75.6	2025-06-01T15:00:07.300000Z
marker1.367	142.46	217.33	70.52	0.5664	0.791	-0.1096	-0.5892	0.5594	0.5749	120.0	200.4	75.4	2025-06-01T15:00:07.320000Z
marker1.368	142.24	218.02	70.04	0.5762	0.8054	-0.0912	-0.6067	0.5494	0.5594	118.3	200.9	75.5	2025-06-01T15:00:07.340000Z
marker1.369	142.43	216.63	69.92	0.5578	0.8137	-0.1109	-0.5874	0.5595	0.561	118.9	201.0	74.8	2025-06-01T15:00:07.360000Z
marker1.370	142.35	217.36	69.21	0.5577	0.8023	-0.1056	-0.6055	0.557	0.5817	119.4	200.6	75.5	2025-06-01T15:00:07.380000Z
marker1.371	141.62	217.71	70.38	0.5868	0.7806	-0.1076	-0.6088	0.551	0.5748	120.2	200.6	75.0	2025-06-01T15:00:07.400000Z
marker1.372	142.87	217.75	70.73	0.5829	0.7884	-0.1133	-0.6155	0.5566	0.5819	120.4	201.2	75.8	2025-06-01T15:00:07.420000Z
marker1.373	142.01	217.02	70.53	0.5842	0.8011	-0.0961	-0.5968	0.5628	0.5829	119.8	201.2	75.5	2025-06-01T15:00:07.440000Z
marker1.374	142.07	217.98	69.4	0.5905	0.7881	-0.0971	-0.6085	0.5555	0.5697	118.7	201.0	74.9	2025-06-01T15:00:07.460000Z
marker1.375	142.74	217.6	70.3	0.5704	0.7941	-0.1046	-0.5914	0.5668	0.5619	120.0	199.7	74.6	2025-06-01T15:00:07.480000Z
marker1.376	141.82	216.92	69.31	0.5841	0.7979	-0.0962	-0.5931	0.5527	0.5766	119.5	200.2	75.7	2025-06-01T15:00:07.500000Z
marker1.377	142.01	217.13	70.01	0.5709	0.7958	-0.0966	-0.5965	0.541	0.5651	120.0	201.0	76.2	2025-06-01T15:00:07.520000Z
marker1.378	142.89	218.17	69.41	0.5876	0.7995	-0.1055	-0.5983	0.5595	0.575	119.1	201.2	74.9	2025-06-01T15:00:07.540000Z
marker1.379	142.41	217.45	69.99	0.5877	0.7896	-0.0805	-0.6182	0.544	0.5737	119.8	200.7	75.2	2025-06-01T15:00:07.560000Z
marker1.380	142.51	217.48	70.8	0.5884	0.8087	-0.1097	-0.6008	0.547	0.5599	119.7	200.5	75.5	2025-06-01T15:00:07.580000Z
marker1.381	141.76	218.46	69.65	0.5822	0.8079	-0.1057	-0.5915	0.5377	0.5845	119.5	200.5	75.1	2025-06-01T15:00:07.600000Z
marker1.382	142.7	217.31	69.73	0.5778	0.7882	-0.0818	-0.6057	0.5583	0.5721	119.0	200.8	75.6	2025-06-01T15:00:07.620000Z
marker1.383	142.21	218.2	70.61	0.5892	0.7954	-0.1108	-0.6061	0.552	0.5755	118.4	200.8	75.3	2025-06-01T15:00:07.640000Z
marker1.384	142.16	218.25	70.31	0.5931	0.7978	-0.0906	-0.5836	0.5631	0.5591	119.4	200.6	75.4	2025-06-01T15:00:07.660000Z
marker1.385	142.64	217.18	70.13	0.5598	0.8144	-0.1051	-0.5994	0.5469	0.5815	118.1	200.8	75.1	2025-06-01T15:00:07.680000Z
marker1.386	142.07	218.46	69.66	0.5877	0.8036	-0.0874	-0.6067	0.5427	0.581	119.7	200.0	74.9	2025-06-01T15:00:07.700000Z
marker1.387	142.49	218.02	69.76	0.5509	0.8052	-0.1122	-0.6202	0.5217	0.5781	119.6	200.7	75.9	2025-06-01T15:00:07.720000Z
marker1.388	142.62	218.41	69.4	0.5797	0.7838	-0.1023	-0.6025	0.5563	0.5705	119.8	201.2	76.3	2025-06-01T15:00:07.740000Z
marker1.389	142.14	217.13	70.22	0.572	0.8148	-0.1028	-0.6057	0.5453	0.5772	119.4	200.5	76.0	2025-06-01T15:00:07.760000Z
marker1.390	141.87	217.62	70.43	0.5637	0.8048	-0.1106	-0.5918	0.5404	0.5769	120.1	201.2	75.3	2025-06-01T15:00:07.780000Z
marker1.391	142.18	217.31	70.84	0.573	0.7896	-0.0933	-0.608	0.5405	0.5556	119.3	200.8	75.3	2025-06-01T15:00:07.800000Z
marker1.392	142.78	217.86	70.0	0.578	0.8051	-0.0873	-0.5987	0.5453	0.5601	118.8	201.1	75.5	2025-06-01T15:00:07.820000Z
marker1.393	142.59	217.54	70.8	0.5752	0.8096	-0.1004	-0.6061	0.5559	0.5741	119.7	200.8	75.2	2025-06-01T15:00:07.840000Z
marker1.394	143.49	218.19	70.46	0.5811	0.8101	-0.0948	-0.5997	0.547	0.5692	117.9	200.9	75.0	2025-06-01T15:00:07.860000Z
marker1.395	143.1	217.61	69.51	0.5795	0.7895	-0.0953	-0.5971	0.5596	0.5621	119.5	200.1	75.6	2025-06-01T15:00:07.880000Z
marker1.396	142.56	217.85	70.1	0.5841	0.816	-0.1029	-0.5986	0.5391	0.5613	119.5	201.4	75.1	2025-06-01T15:00:07.900000Z
marker1.397	142.18	217.4	69.83	0.5829	0.785	-0.0872	-0.6067	0.5572	0.5573	119.8	201.1	75.4	2025-06-01T15:00:07.920000Z
marker1.398	141.8	217.72	69.51	0.5775	0.8103	-0.092	-0.5998	0.5403	0.5765	119.5	199.6	75.6	2025-06-01T15:00:07.940000Z
marker1.399	142.29	218.2	69.55	0.5482	0.8028	-0.0971	-0.6169	0.5402	0.5976	119.3	201.2	74.9	2025-06-01T15:00:07.960000Z
marker1.400	141.25	217.51	69.97	0.576	0.7989	-0.0974	-0.6015	0.5374	0.5749	118.5	199.8	75.6	2025-06-01T15:00:07.980000Z
marker1.401	142.55	217.57	69.4	0.5729	0.7974	-0.116	-0.6074	0.5565	0.5843	119.3	201.2	74.2	2025-06-01T15:00:08Z
marker1.402	142.63	217.2	70.25	0.5775	0.8132	-0.1087	-0.5937	0.5472	0.5684	119.4	200.4	75.2	2025-06-01T15:00:08.020000Z
marker1.403	142.27	217.72	70.14	0.588	0.8092	-0.1105	-0.5913	0.5381	0.5759	119.8	199.8	75.2	2025-06-01T15:00:08.040000Z
marker1.404	142.07	217.22	70.78	0.5735	0.7919	-0.0992	-0.5931	0.5486	0.5817	119.8	199.7	74.9	2025-06-01T15:00:08.060000Z
marker1.405	142.02	217.84	68.79	0.6055	0.8053	-0.0985	-0.5882	0.5734	0.5787	120.0	200.9	75.1	2025-06-01T15:00:08.080000Z
marker1.406	142.06	217.19	69.76	0.5665	0.7992	-0.1168	-0.5981	0.5496	0.5715	119.2	202.3	75.9	2025-06-01T15:00:08.100000Z
marker1.407	141.68	217.72	69.8	0.5699	0.7866	-0.0957	-0.6068	0.5597	0.5799	120.2	200.4	75.4	2025-06-01T15:00:08.120000Z
marker1.408	142.62	217.36	69.71	0.5961	0.8023	-0.0936	-0.6082	0.5378	0.5643	119.4	200.3	75.2	2025-06-01T15:00:08.140000Z
marker1.409	141.46	217.04	70.44	0.586	0.7961	-0.1102	-0.6103	0.5463	0.5764	120.0	200.6	74.6	2025-06-01T15:00:08.160000Z
marker1.410	142.43	217.19	69.84	0.5933	0.8083	-0.0984	-0.6127	0.5521	0.5806	119.3	201.5	75.8	2025-06-01T15:00:08.180000Z
marker1.411	143.13	217.75	70.39	0.5941	0.8045	-0.105	-0.6045	0.5524	0.5571	119.4	201.3	74.1	2025-06-01T15:00:08.200000Z
marker1.412	143.07	218.16	69.87	0.5854	0.8	-0.0877	-0.5902	0.536	0.5759	119.4	200.8	74.8	2025-06-01T15:00:08.220000Z
marker1.413	143.17	218.12	69.73	0.5667	0.7961	-0.0957	-0.5976	0.5625	0.5779	120.0	201.0	74.5	2025-06-01T15:00:08.240000Z
marker1.414	142.2	218.13	70.07	0.585	0.7968	-0.1103	-0.6012	0.5531	0.5634	119.4	200.3	75.8	2025-06-01T15:00:08.260000Z
marker1.415	142.15	218.33	70.86	0.5792	0.7899	-0.1209	-0.6147	0.5363	0.5838	119.6	201.0	74.1	2025-06-01T15:00:08.280000Z
marker1.416	141.7	218.04	70.24	0.5785	0.8056	-0.0836	-0.6022	0.5507	0.5719	120.7	199.8	75.5	2025-06-01T15:00:08.300000Z
marker1.417	142.24	217.88	69.77	0.5795	0.8071	-0.0689	-0.5919	0.5415	0.5658	119.3	199.9	75.0	2025-06-01T15:00:08.320000Z
marker1.418	142.67	216.96	70.62	0.5849	0.7927	-0.1014	-0.584	0.5573	0.5701	119.4	200.8	74.9	2025-06-01T15:00:08.340000Z
marker1.419	141.25	218.62	70.18	0.584	0.7994	-0.1074	-0.6019	0.534	0.5928	118.9	200.3	75.0	2025-06-01T15:00:08.360000Z
marker1.420	142.94	217.61	69.48	0.5925	0.8073	-0.0946	-0.5928	0.5739	0.5919	119.2	201.6	75.4	2025-06-01T15:00:08.380000Z
marker1.421	142.55	216.75	70.01	0.5719	0.8083	-0.0893	-0.6207	0.5498	0.5812	119.4	201.2	75.4	2025-06-01T15:00:08.400000Z
marker1.422	142.47	217.46	69.49	0.5688	0.8071	-0.0998	-0.6014	0.5458	0.5669	120.0	200.6	74.5	2025-06-01T15:00:08.420000Z
marker1.423	142.67	217.5	70.12	0.5961	0.7998	-0.0971	-0.6118	0.5478	0.5761	118.7	200.9	75.3	2025-06-01T15:00:08.440000Z
marker1.424	142.32	218.12	70.27	0.5948	0.7901	-0.0986	-0.5992	0.5393	0.5796	120.7	200.8	75.5	2025-06-01T15:00:08.460000Z
marker1.425	142.34	217.24	69.19	0.5729	0.7861	-0.083	-0.6012	0.5465	0.5789	118.9	200.4	75.2	2025-06-01T15:00:08.480000Z
marker1.426	142.81	217.85	70.22	0.5808	0.804	-0.098	-0.6103	0.5505	0.5593	119.5	200.6	76.5	2025-06-01T15:00:08.500000Z
marker1.427	142.28	216.9	70.03	0.5852	0.8167	-0.1059	-0.6158	0.5582	0.5562	119.3	200.7	75.2	2025-06-01T15:00:08.520000Z
marker1.428	142.64	217.26	69.96	0.5799	0.8015	-0.099	-0.5956	0.5584	0.5739	119.7	200.0	75.2	2025-06-01T15:00:08.540000Z
marker1.429	142.54	217.96	69.75	0.5734	0.7943	-0.0946	-0.5897	0.5459	0.5791	119.6	200.7	75.1	2025-06-01T15:00:08.560000Z
marker1.430	142.67	217.76	71.24	0.5715	0.8052	-0.1053	-0.6087	0.5499	0.5714	121.0	200.7	74.6	2025-06-01T15:00:08.580000Z
marker1.431	142.44	216.56	70.05	0.5802	0.8079	-0.0903	-0.605	0.5485	0.5623	118.9	201.0	74.6	2025-06-01T15:00:08.600000Z
marker1.432	142.09	217.1	70.37	0.598	0.787	-0.1185	-0.6012	0.5502	0.5722	119.3	200.7	75.4	2025-06-01T15:00:08.620000Z
marker1.433	142.82	216.62	69.92	0.5821	0.7908	-0.0827	-0.6064	0.5496	0.5756	119.2	199.9	75.0	2025-06-01T15:00:08.640000Z
marker1.434	142.81	217.43	69.68	0.5893	0.7967	-0.1051	-0.5985	0.5577	0.5938	119.9	201.4	74.9	2025-06-01T15:00:08.660000Z
marker1.435	141.79	217.63	70.15	0.5692	0.7982	-0.096	-0.5964	0.555	0.5729	119.2	200.5	74.6	2025-06-01T15:00:08.680000Z
marker1.436	143.19	217.61	69.99	0.5707	0.8294	-0.1107	-0.6043	0.5542	0.576	120.0	201.7	75.5	2025-06-01T15:00:08.700000Z
marker1.437	141.77	217.47	70.25	0.6007	0.786	-0.088	-0.5982	0.5584	0.569	119.1	201.2	75.5	2025-06-01T15:00:08.720000Z
marker1.438	142.79	217.59	69.8	0.5644	0.8082	-0.0958	-0.6097	0.5446	0.5653	118.8	200.4	74.6	2025-06-01T15:00:08.740000Z
marker1.439	142.09	217.23	69.29	0.6002	0.8125	-0.1078	-0.5973	0.5542	0.5819	119.1	201.3	74.9	2025-06-01T15:00:08.760000Z
marker1.440	141.63	217.96	70.75	0.6059	0.788	-0.093	-0.6041	0.5578	0.5553	118.9	200.4	75.2	2025-06-01T15:00:08.780000Z
marker1.441	141.98	217.93	70.61	0.586	0.8162	-0.0958	-0.6122	0.5636	0.5639	120.0	201.6	75.4	2025-06-01T15:00:08.800000Z
marker1.442	141.55	217.14	70.76	0.5783	0.8008	-0.0924	-0.593	0.5528	0.5679	119.3	201.2	75.5	2025-06-01T15:00:08.820000Z
marker1.443	142.17	218.14	70.04	0.5715	0.7924	-0.1098	-0.6027	0.5623	0.5619	119.6	200.5	75.1	2025-06-01T15:00:08.840000Z
marker1.444	141.54	217.49	70.0	0.5854	0.8022	-0.112	-0.5892	0.5521	0.572	119.5	200.5	75.3	2025-06-01T15:00:08.860000Z
marker1.445	142.54	216.73	69.83	0.5775	0.8026	-0.0881	-0.6077	0.545	0.5649	119.1	200.6	75.6	2025-06-01T15:00:08.880000Z
marker1.446	141.77	217.81	69.25	0.5744	0.7967	-0.0833	-0.6027	0.528	0.55	119.5	201.1	75.4	2025-06-01T15:00:08.900000Z
marker1.447	142.38	218.18	69.83	0.5889	0.7837	-0.109	-0.6181	0.5473	0.5695	119.6	200.8	74.7	2025-06-01T15:00:08.920000Z
marker1.448	142.2	216.85	70.78	0.577	0.7951	-0.0841	-0.6124	0.5387	0.559	119.5	201.0	75.6	2025-06-01T15:00:08.940000Z
marker1.449	143.59	216.48	70.4	0.5744	0.7941	-0.1062	-0.6091	0.5668	0.5784	119.5	201.5	74.4	2025-06-01T15:00:08.960000Z
marker1.450	141.63	216.51	69.75	0.5816	0.801	-0.0985	-0.6141	0.558	0.5724	119.9	199.9	75.4	2025-06-01T15:00:08.980000Z
marker1.451	141.71	217.4	70.37	0.5809	0.7915	-0.0999	-0.6153	0.5615	0.5679	120.1	200.5	74.9	2025-06-01T15:00:09Z
marker1.452	141.92	218.04	69.75	0.5864	0.7962	-0.1198	-0.6057	0.5382	0.5703	118.9	201.3	75.2	2025-06-01T15:00:09.020000Z
marker1.453	142.21	217.93	70.58	0.5798	0.7923	-0.1177	-0.6069	0.5438	0.5711	119.3	201.1	74.9	2025-06-01T15:00:09.040000Z
marker1.454	142.27	218.19	70.27	0.5794	0.794	-0.1063	-0.6085	0.5446	0.5776	119.4	200.1	76.1	2025-06-01T15:00:09.060000Z
marker1.455	142.46	216.9	69.88	0.5811	0.817	-0.1111	-0.5902	0.564	0.5637	119.4	200.3	75.1	2025-06-01T15:00:09.080000Z
marker1.456	142.28	217.93	70.65	0.5725	0.7803	-0.1002	-0.5971	0.5525	0.5667	119.6	201.6	75.4	2025-06-01T15:00:09.100000Z
marker1.457	142.11	217.35	70.02	0.5964	0.7982	-0.1002	-0.6048	0.561	0.5896	119.7	200.8	75.2	2025-06-01T15:00:09.120000Z
marker1.458	141.11	217.97	70.17	0.5843	0.7929	-0.1038	-0.6041	0.5602	0.5662	120.5	201.0	74.6	2025-06-01T15:00:09.140000Z
marker1.459	142.24	217.27	69.0	0.596	0.807	-0.0947	-0.5983	0.5362	0.5652	119.9	200.3	73.9	2025-06-01T15:00:09.160000Z
marker1.460	142.19	217.53	70.17	0.5873	0.8064	-0.0974	-0.588	0.5348	0.575	119.8	200.2	74.4	2025-06-01T15:00:09.180000Z
marker1.461	141.93	217.27	70.48	0.5739	0.7914	-0.1061	-0.5888	0.5501	0.5682	119.4	201.4	74.8	2025-06-01T15:00:09.200000Z
marker1.462	142.96	217.71	70.02	0.605	0.7894	-0.1035	-0.6123	0.5595	0.5869	120.3	201.4	75.1	2025-06-01T15:00:09.220000Z
marker1.463	142.12	216.76	71.12	0.5847	0.7951	-0.0867	-0.6097	0.5541	0.5683	119.8	200.8	74.5	2025-06-01T15:00:09.240000Z
marker1.464	142.34	218.12	70.09	0.5878	0.7895	-0.1003	-0.6062	0.5575	0.5703	119.8	201.3	75.5	2025-06-01T15:00:09.260000Z
marker1.465	142.44	217.1	70.1	0.5747	0.7966	-0.1037	-0.6098	0.5304	0.5633	119.6	200.1	75.2	2025-06-01T15:00:09.280000Z
marker1.466	143.25	218.11	70.92	0.5839	0.8117	-0.1072	-0.6064	0.5226	0.5819	120.3	200.5	75.1	2025-06-01T15:00:09.300000Z
marker1.467	141.92	217.79	70.66	0.5626	0.8041	-0.1028	-0.5989	0.5546	0.5681	119.4	200.7	75.7	2025-06-01T15:00:09.320000Z
marker1.468	142.51	217.71	69.46	0.5762	0.809	-0.0996	-0.5934	0.5677	0.5804	119.5	200.5	73.9	2025-06-01T15:00:09.340000Z
marker1.469	142.22	217.44	70.3	0.5785	0.7968	-0.1178	-0.6094	0.5548	0.5872	119.5	201.0	75.7	2025-06-01T15:00:09.360000Z
marker1.470	141.89	217.78	69.73	0.5886	0.8015	-0.097	-0.6078	0.5571	0.5908	119.0	200.6	75.3	2025-06-01T15:00:09.380000Z
marker1.471	142.69	217.32	68.68	0.5936	0.8076	-0.1174	-0.6061	0.5657	0.5845	120.0	200.7	75.2	2025-06-01T15:00:09.400000Z
marker1.472	142.23	218.16	69.66	0.5719	0.8101	-0.1004	-0.5862	0.5433	0.5695	119.0	200.8	74.5	2025-06-01T15:00:09.420000Z
marker1.473	142.06	216.88	70.45	0.5872	0.7827	-0.0867	-0.575	0.5505	0.5636	120.9	200.1	75.2	2025-06-01T15:00:09.440000Z
marker1.474	142.39	218.27	70.28	0.575	0.7905	-0.1034	-0.6101	0.5505	0.5644	118.8	201.4	75.0	2025-06-01T15:00:09.460000Z
marker1.475	141.67	217.52	70.13	0.5625	0.8033	-0.1105	-0.5829	0.5552	0.566	119.1	200.7	75.5	2025-06-01T15:00:09.480000Z
marker1.476	142.29	217.49	70.13	0.574	0.7966	-0.1209	-0.5903	0.553	0.5623	120.4	200.8	74.7	2025-06-01T15:00:09.500000Z
marker1.477	142.73	217.8	70.3	0.5757	0.8045	-0.1026	-0.5944	0.531	0.5657	120.4	200.4	74.9	2025-06-01T15:00:09.520000Z
marker1.478	142.08	216.99	69.0	0.5777	0.8014	-0.1005	-0.6014	0.5504	0.5802	119.4	200.5	75.1	2025-06-01T15:00:09.540000Z
marker1.479	142.59	218.31	69.79	0.581	0.8034	-0.1099	-0.5998	0.5353	0.5523	119.7	200.6	75.3	2025-06-01T15:00:09.560000Z
marker1.480	142.29	217.11	70.08	0.5677	0.8139	-0.1136	-0.602	0.5396	0.5757	119.3	200.5	75.6	2025-06-01T15:00:09.580000Z
marker1.481	142.31	217.86	69.61	0.566	0.8011	-0.1032	-0.5937	0.5492	0.5721	118.7	201.7	75.1	2025-06-01T15:00:09.600000Z
marker1.482	142.65	217.18	70.25	0.567	0.8045	-0.1036	-0.5997	0.557	0.5577	119.2	201.0	76.2	2025-06-01T15:00:09.620000Z
marker1.483	142.23	217.9	70.05	0.5994	0.7825	-0.0991	-0.6163	0.5249	0.573	119.6	200.7	75.1	2025-06-01T15:00:09.640000Z
marker1.484	143.85	217.47	70.36	0.5735	0.803	-0.1024	-0.6041	0.5682	0.5818	119.6	199.6	75.0	2025-06-01T15:00:09.660000Z
marker1.485	143.65	217.48	70.65	0.5944	0.8022	-0.1084	-0.6244	0.5568	0.5619	119.6	200.2	75.1	2025-06-01T15:00:09.680000Z
marker1.486	142.32	217.73	69.54	0.592	0.794	-0.1167	-0.6011	0.5503	0.5716	120.2	200.7	75.1	2025-06-01T15:00:09.700000Z
marker1.487	141.75	218.01	70.19	0.5758	0.781	-0.0856	-0.6123	0.5441	0.5736	118.9	200.1	74.1	2025-06-01T15:00:09.720000Z
marker1.488	142.66	217.33	71.56	0.5701	0.7908	-0.1057	-0.5976	0.5453	0.5761	119.0	200.1	74.3	2025-06-01T15:00:09.740000Z
marker1.489	141.19	217.34	69.95	0.5737	0.8124	-0.0877	-0.6033	0.5321	0.5643	119.2	200.5	74.9	2025-06-01T15:00:09.760000Z
marker1.490	141.97	217.41	69.78	0.5821	0.8036	-0.1091	-0.5873	0.5402	0.5538	119.7	200.4	75.4	2025-06-01T15:00:09.780000Z
marker1.491	141.1	218.3	70.44	0.565	0.7852	-0.0833	-0.6074	0.5417	0.5473	119.3	200.7	75.6	2025-06-01T15:00:09.800000Z
marker1.492	141.6	216.84	70.33	0.5901	0.7843	-0.0892	-0.5996	0.5609	0.5693	118.2	200.7	75.7	2025-06-01T15:00:09.820000Z
marker1.493	141.85	217.41	70.01	0.551	0.8167	-0.109	-0.5949	0.5491	0.5826	119.7	200.7	74.8	2025-06-01T15:00:09.840000Z
marker1.494	142.7	216.66	70.42	0.569	0.8125	-0.0984	-0.5936	0.5508	0.5525	119.1	201.1	75.3	2025-06-01T15:00:09.860000Z
marker1.495	142.89	217.8	69.62	0.572	0.801	-0.1231	-0.5833	0.5544	0.5823	118.7	201.4	76.3	2025-06-01T15:00:09.880000Z
marker1.496	141.64	217.99	70.1	0.5646	0.8049	-0.0917	-0.606	0.5617	0.5533	118.8	200.9	75.2	2025-06-01T15:00:09.900000Z
marker1.497	141.94	218.0	70.37	0.5886	0.7988	-0.094	-0.6045	0.5705	0.5619	120.6	200.8	74.5	2025-06-01T15:00:09.920000Z
marker1.498	142.98	217.66	70.53	0.5922	0.8034	-0.1059	-0.5902	0.55	0.5769	118.4	201.0	74.9	2025-06-01T15:00:09.940000Z
marker1.499	143.13	217.91	70.22	0.5849	0.79	-0.0838	-0.5801	0.5539	0.5859	119.2	200.4	75.2	2025-06-01T15:00:09.960000Z
marker1.500	142.52	217.4	70.37	0.5831	0.79	-0.0948	-0.5914	0.5517	0.5815	118.9	201.0	74.6	2025-06-01T15:00:09.980000Z
marker1.501	141.74	217.28	69.63	0.5745	0.7979	-0.0916	-0.6032	0.5341	0.5814	119.1	200.8	75.4	2025-06-01T15:00:10Z
marker1.502	142.4	218.15	70.34	0.5714	0.8218	-0.0981	-0.6015	0.5596	0.5725	119.7	202.0	75.1	2025-06-01T15:00:10.020000Z
marker1.503	142.14	217.66	70.64	0.5649	0.7803	-0.1059	-0.6163	0.5458	0.575	119.1	200.1	75.2	2025-06-01T15:00:10.040000Z
marker1.504	142.73	216.75	70.51	0.5882	0.8095	-0.0878	-0.578	0.5464	0.5711	119.3	200.8	76.0	2025-06-01T15:00:10.060000Z
marker1.505	141.63	217.17	70.79	0.5902	0.7964	-0.0915	-0.5966	0.565	0.5707	120.0	202.1	75.5	2025-06-01T15:00:10.080000Z
marker1.506	142.32	217.96	69.92	0.6039	0.8018	-0.1027	-0.6084	0.561	0.5787	119.3	201.1	74.4	2025-06-01T15:00:10.100000Z
marker1.507	142.39	217.83	70.95	0.5723	0.7872	-0.109	-0.6134	0.5634	0.5855	119.7	201.4	75.3	2025-06-01T15:00:10.120000Z
marker1.508	142.25	217.43	69.94	0.5645	0.8026	-0.1004	-0.5925	0.5509	0.5684	119.1	200.8	75.6	2025-06-01T15:00:10.140000Z
marker1.509	141.73	217.64	70.22	0.5728	0.7941	-0.0977	-0.6113	0.5535	0.561	120.0	202.0	74.8	2025-06-01T15:00:10.160000Z
marker1.510	142.57	217.24	70.62	0.5673	0.8048	-0.1087	-0.6021	0.5397	0.5782	119.1	201.1	75.0	2025-06-01T15:00:10.180000Z
marker1.511	142.24	217.67	69.72	0.5821	0.8153	-0.1078	-0.5883	0.565	0.5618	118.8	201.0	74.9	2025-06-01T15:00:10.200000Z
marker1.512	143.23	217.62	69.7	0.5685	0.8109	-0.1057	-0.5996	0.5596	0.5652	119.5	200.8	75.5	2025-06-01T15:00:10.220000Z
marker1.513	142.6	217.49	70.13	0.5763	0.7852	-0.0974	-0.5811	0.5412	0.5623	119.1	201.2	75.4	2025-06-01T15:00:10.240000Z
marker1.514	142.22	217.14	70.15	0.5644	0.8014	-0.0913	-0.6125	0.5347	0.5858	119.2	201.4	75.1	2025-06-01T15:00:10.260000Z
marker1.515	142.22	217.82	69.66	0.5813	0.7962	-0.1132	-0.5966	0.5474	0.5684	118.9	201.6	75.6	2025-06-01T15:00:10.280000Z
marker1.516	142.78	217.45	69.24	0.5995	0.7994	-0.1075	-0.5958	0.5617	0.5698	120.1	201.3	74.7	2025-06-01T15:00:10.300000Z
marker1.517	141.96	218.08	68.74	0.5785	0.7857	-0.1048	-0.603	0.5464	0.5645	119.0	201.9	76.1	2025-06-01T15:00:10.320000Z
marker1.518	141.72	218.39	69.9	0.5813	0.7994	-0.1066	-0.5902	0.5513	0.5652	118.8	200.4	74.4	2025-06-01T15:00:10.340000Z
marker1.519	142.31	217.0	69.97	0.5937	0.812	-0.1003	-0.6009	0.5688	0.5752	119.3	200.1	75.4	2025-06-01T15:00:10.360000Z
marker1.520	142.71	217.28	70.25	0.5764	0.7982	-0.1249	-0.6022	0.5597	0.5637	119.5	200.4	75.4	2025-06-01T15:00:10.380000Z
marker1.521	142.19	217.13	70.77	0.5893	0.794	-0.095	-0.5946	0.5564	0.5531	120.0	200.5	75.0	2025-06-01T15:00:10.400000Z
marker1.522	143.62	217.75	69.91	0.5579	0.8139	-0.1135	-0.61	0.5467	0.5842	119.9	200.7	75.4	2025-06-01T15:00:10.420000Z
marker1.523	142.0	217.67	70.14	0.5897	0.8097	-0.0951	-0.6036	0.5574	0.5691	119.0	200.6	75.2	2025-06-01T15:00:10.440000Z
marker1.524	142.76	217.51	69.5	0.5806	0.8011	-0.0981	-0.5908	0.5602	0.5641	119.2	200.3	75.5	2025-06-01T15:00:10.460000Z
marker1.525	143.02	217.44	69.98	0.5947	0.8051	-0.0956	-0.6119	0.5568	0.5607	118.9	200.6	74.9	2025-06-01T15:00:10.480000Z
marker1.526	142.19	216.88	70.58	0.5913	0.7805	-0.0902	-0.6081	0.5586	0.5693	119.5	200.7	75.8	2025-06-01T15:00:10.500000Z
marker1.527	141.68	217.9	70.65	0.5872	0.8232	-0.1053	-0.5904	0.5489	0.5823	119.5	200.6	75.9	2025-06-01T15:00:10.520000Z
marker1.528	142.05	216.89	69.84	0.5862	0.8139	-0.0989	-0.5868	0.5364	0.5656	119.4	200.7	75.2	2025-06-01T15:00:10.540000Z
marker1.529	142.65	217.38	70.17	0.5795	0.7907	-0.1011	-0.6014	0.5483	0.5703	119.5	200.6	75.8	2025-06-01T15:00:10.560000Z
marker1.530	141.72	217.24	71.49	0.5696	0.7865	-0.0927	-0.6208	0.5476	0.5915	118.7	199.8	74.5	2025-06-01T15:00:10.580000Z
marker1.531	142.75	218.16	69.84	0.5868	0.8139	-0.0821	-0.6025	0.527	0.5618	119.3	200.7	75.1	2025-06-01T15:00:10.600000Z
marker1.532	142.86	218.24	70.01	0.591	0.8036	-0.0994	-0.5909	0.5507	0.5906	118.8	200.5	75.1	2025-06-01T15:00:10.620000Z
marker1.533	142.52	218.23	70.09	0.5658	0.8084	-0.0925	-0.6194	0.55	0.5541	119.2	200.3	75.6	2025-06-01T15:00:10.640000Z
marker1.534	142.36	216.96	70.54	0.5657	0.8033	-0.1081	-0.6037	0.555	0.5752	120.2	200.8	75.4	2025-06-01T15:00:10.660000Z
marker1.535	142.08	217.69	70.32	0.579	0.782	-0.0967	-0.5964	0.5432	0.5572	120.2	201.0	75.1	2025-06-01T15:00:10.680000Z
marker1.536	141.73	217.19	70.75	0.5814	0.7945	-0.0949	-0.6081	0.565	0.5835	119.3	200.5	73.9	2025-06-01T15:00:10.700000Z
marker1.537	141.56	216.93	70.17	0.5767	0.7865	-0.1028	-0.5949	0.5553	0.551	119.4	200.1	75.7	2025-06-01T15:00:10.720000Z
marker1.538	142.69	217.15	69.72	0.5754	0.7775	-0.0966	-0.6027	0.5597	0.559	119.2	200.0	74.7	2025-06-01T15:00:10.740000Z
marker1.539	141.71	218.1	69.75	0.5812	0.7962	-0.1127	-0.6017	0.556	0.5579	119.9	200.4	75.0	2025-06-01T15:00:10.760000Z
marker1.540	142.57	217.27	70.12	0.5769	0.8013	-0.1238	-0.6183	0.5562	0.5804	119.0	200.7	75.3	2025-06-01T15:00:10.780000Z
marker1.541	142.65	216.59	69.66	0.5767	0.807	-0.075	-0.6023	0.5359	0.574	120.2	200.9	74.7	2025-06-01T15:00:10.800000Z
marker1.542	142.78	217.93	69.59	0.5838	0.81	-0.0882	-0.6007	0.5464	0.5823	118.9	201.0	74.5	2025-06-01T15:00:10.820000Z
marker1.543	142.83	217.47	70.73	0.5849	0.7878	-0.0858	-0.5845	0.5588	0.5624	119.3	200.9	74.8	2025-06-01T15:00:10.840000Z
marker1.544	143.15	217.67	68.75	0.5834	0.7965	-0.1007	-0.6037	0.5581	0.5812	119.6	200.6	75.2	2025-06-01T15:00:10.860000Z
marker1.545	142.31	217.2	70.39	0.5846	0.8154	-0.0874	-0.6069	0.5582	0.5605	119.8	200.5	74.7	2025-06-01T15:00:10.880000Z
marker1.546	142.44	216.26	69.22	0.5782	0.8008	-0.1037	-0.6158	0.5418	0.5739	119.8	200.8	75.8	2025-06-01T15:00:10.900000Z
marker1.547	142.5	217.23	69.96	0.566	0.7989	-0.0889	-0.5931	0.564	0.567	120.2	200.7	75.9	2025-06-01T15:00:10.920000Z
marker1.548	142.29	217.95	70.84	0.5781	0.8022	-0.0871	-0.6013	0.5368	0.5914	119.3	200.9	75.8	2025-06-01T15:00:10.940000Z
marker1.549	142.0	217.1	70.23	0.5621	0.7971	-0.0975	-0.6027	0.5346	0.5859	119.6	201.5	75.1	2025-06-01T15:00:10.960000Z
marker1.550	141.86	217.73	69.99	0.5682	0.8147	-0.1062	-0.6184	0.5633	0.565	119.2	199.9	76.1	2025-06-01T15:00:10.980000Z
marker1.551	141.66	217.63	70.56	0.5842	0.7994	-0.117	-0.6081	0.5519	0.5621	119.6	201.1	75.7	2025-06-01T15:00:11Z
marker1.552	141.69	218.7	70.48	0.58	0.8109	-0.0763	-0.6144	0.5477	0.5462	119.6	201.0	75.2	2025-06-01T15:00:11.020000Z
marker1.553	141.97	216.58	70.29	0.5946	0.7941	-0.0956	-0.6157	0.5546	0.5661	119.1	200.4	75.0	2025-06-01T15:00:11.040000Z
marker1.554	142.49	216.94	69.9	0.5796	0.789	-0.082	-0.6085	0.5433	0.5602	120.4	201.1	74.7	2025-06-01T15:00:11.060000Z
marker1.555	142.85	217.7	70.23	0.5766	0.7925	-0.0966	-0.6055	0.5682	0.5573	120.3	200.7	75.3	2025-06-01T15:00:11.080000Z
marker1.556	142.72	217.28	70.53	0.5529	0.7928	-0.1092	-0.6125	0.5479	0.5739	119.9	200.9	74.9	2025-06-01T15:00:11.100000Z
marker1.557	142.48	217.66	70.57	0.5878	0.8003	-0.109	-0.6065	0.5445	0.5668	119.6	201.2	75.2	2025-06-01T15:00:11.120000Z
marker1.558	142.31	217.67	69.84	0.5707	0.7824	-0.107	-0.5953	0.543	0.5676	119.7	201.1	74.7	2025-06-01T15:00:11.140000Z
marker1.559	142.8	218.16	69.54	0.5718	0.8119	-0.1015	-0.6222	0.536	0.5675	118.9	200.6	75.2	2025-06-01T15:00:11.160000Z
marker1.560	143.03	217.45	70.64	0.5943	0.8143	-0.0972	-0.6196	0.5546	0.5805	119.5	201.7	75.6	2025-06-01T15:00:11.180000Z
marker1.561	142.58	218.14	70.27	0.5551	0.795	-0.088	-0.6081	0.5478	0.5596	120.4	201.6	74.8	2025-06-01T15:00:11.200000Z
marker1.562	142.37	217.26	70.41	0.5851	0.8081	-0.0967	-0.5706	0.5397	0.5529	119.3	200.0	74.5	2025-06-01T15:00:11.220000Z
marker1.563	141.8	217.14	69.62	0.5852	0.7949	-0.1018	-0.5911	0.5423	0.5674	119.7	199.8	74.0	2025-06-01T15:00:11.240000Z
marker1.564	142.47	217.85	71.13	0.5816	0.8082	-0.102	-0.597	0.5667	0.5488	119.7	201.9	75.3	2025-06-01T15:00:11.260000Z
marker1.565	143.13	217.29	70.08	0.5803	0.7778	-0.1117	-0.611	0.5582	0.5787	119.7	201.2	75.1	2025-06-01T15:00:11.280000Z
marker1.566	142.9	217.6	70.13	0.5773	0.8068	-0.1042	-0.5902	0.5387	0.559	119.8	200.8	75.0	2025-06-01T15:00:11.300000Z
marker1.567	142.75	217.3	70.0	0.594	0.8154	-0.0843	-0.6028	0.5623	0.5605	119.0	199.6	76.0	2025-06-01T15:00:11.320000Z
marker1.568	141.87	217.54	69.64	0.587	0.7962	-0.113	-0.5956	0.5357	0.5616	118.4	200.1	75.3	2025-06-01T15:00:11.340000Z
marker1.569	141.32	216.86	70.1	0.5746	0.8199	-0.0817	-0.6087	0.5556	0.5775	119.2	200.1	75.2	2025-06-01T15:00:11.360000Z
marker1.570	142.21	217.38	70.32	0.5725	0.7885	-0.0989	-0.5961	0.5382	0.5793	118.6	200.5	75.1	2025-06-01T15:00:11.380000Z
marker1.571	141.98	217.32	71.04	0.5715	0.8244	-0.0956	-0.5991	0.5548	0.5953	119.0	200.2	74.8	2025-06-01T15:00:11.400000Z
marker1.572	142.32	216.74	70.11	0.5969	0.8015	-0.1029	-0.6062	0.559	0.5617	120.4	201.8	75.3	2025-06-01T15:00:11.420000Z
marker1.573	142.29	218.12	70.65	0.5719	0.7947	-0.1132	-0.5959	0.5567	0.5565	119.3	200.1	74.8	2025-06-01T15:00:11.440000Z
marker1.574	142.58	217.23	69.95	0.5637	0.8019	-0.1004	-0.6073	0.5481	0.5718	119.1	200.1	76.1	2025-06-01T15:00:11.460000Z
marker1.575	141.98	217.55	70.61	0.6153	0.7876	-0.0955	-0.6071	0.5446	0.5628	118.9	200.8	74.5	2025-06-01T15:00:11.480000Z
marker1.576	142.77	217.63	70.31	0.5753	0.7963	-0.0971	-0.6116	0.5464	0.5614	119.1	199.7	75.9	2025-06-01T15:00:11.500000Z
marker1.577	141.96	218.18	70.63	0.5671	0.7891	-0.0744	-0.5825	0.5497	0.5726	119.2	201.0	74.8	2025-06-01T15:00:11.520000Z
marker1.578	141.28	216.94	70.11	0.5687	0.7993	-0.1107	-0.6078	0.5585	0.5725	119.5	201.2	75.4	2025-06-01T15:00:11.540000Z
marker1.579	143.02	217.37	69.89	0.567	0.7957	-0.0904	-0.587	0.5596	0.5521	120.0	199.9	75.6	2025-06-01T15:00:11.560000Z
marker1.580	142.12	217.95	69.43	0.5917	0.7854	-0.1067	-0.61	0.5325	0.5709	120.4	202.1	75.2	2025-06-01T15:00:11.580000Z
marker1.581	142.86	217.72	70.35	0.5766	0.802	-0.0946	-0.6058	0.5492	0.5694	119.9	200.3	75.2	2025-06-01T15:00:11.600000Z
marker1.582	143.26	218.18	70.77	0.5802	0.8032	-0.09	-0.5844	0.5305	0.5568	120.2	200.7	74.9	2025-06-01T15:00:11.620000Z
marker1.583	141.67	217.32	69.4	0.6009	0.7998	-0.1006	-0.5941	0.5596	0.5795	120.0	200.5	75.1	2025-06-01T15:00:11.640000Z
marker1.584	142.68	217.34	70.1	0.584	0.8079	-0.1178	-0.5929	0.5477	0.5771	119.9	201.6	75.9	2025-06-01T15:00:11.660000Z
marker1.585	142.97	218.32	70.25	0.5803	0.8087	-0.0927	-0.6031	0.554	0.5696	119.1	201.4	75.2	2025-06-01T15:00:11.680000Z
marker1.586	143.32	216.79	69.82	0.5803	0.8114	-0.096	-0.5969	0.5387	0.5584	119.7	200.1	74.9	2025-06-01T15:00:11.700000Z
marker1.587	142.55	217.11	70.9	0.5922	0.7843	-0.1093	-0.6229	0.5422	0.5777	119.3	201.0	74.4	2025-06-01T15:00:11.720000Z
marker1.588	142.7	217.32	70.11	0.5791	0.7873	-0.1115	-0.5903	0.554	0.5805	119.7	200.9	74.3	2025-06-01T15:00:11.740000Z
marker1.589	142.16	217.59	71.08	0.5869	0.8154	-0.094	-0.6071	0.5512	0.5724	119.0	200.6	75.1	2025-06-01T15:00:11.760000Z
marker1.590	143.1	216.56	70.7	0.5706	0.7863	-0.0882	-0.5927	0.5625	0.578	120.5	201.1	75.1	2025-06-01T15:00:11.780000Z
marker1.591	142.47	218.22	69.71	0.5735	0.7969	-0.121	-0.5986	0.5311	0.5705	119.9	200.6	76.0	2025-06-01T15:00:11.800000Z
marker1.592	141.57	218.2	70.44	0.5628	0.8271	-0.1006	-0.6088	0.5359	0.5678	119.4	200.9	75.1	2025-06-01T15:00:11.820000Z
marker1.593	142.62	217.41	69.13	0.5785	0.7763	-0.0965	-0.6098	0.5516	0.5831	119.0	201.3	75.0	2025-06-01T15:00:11.840000Z
marker1.594	143.18	217.42	69.68	0.5869	0.7956	-0.1084	-0.6048	0.5496	0.5834	118.5	200.8	75.5	2025-06-01T15:00:11.860000Z
marker1.595	142.4	218.25	70.06	0.5782	0.8059	-0.099	-0.6039	0.5552	0.5635	119.2	200.5	75.9	2025-06-01T15:00:11.880000Z
marker1.596	140.69	217.8	70.12	0.5632	0.8031	-0.0952	-0.5941	0.5235	0.5837	119.1	201.1	75.6	2025-06-01T15:00:11.900000Z
marker1.597	141.86	217.93	69.91	0.5593	0.8117	-0.1078	-0.6085	0.546	0.5727	119.5	201.1	74.5	2025-06-01T15:00:11.920000Z
marker1.598	141.93	217.54	71.05	0.5789	0.8109	-0.0996	-0.6048	0.5475	0.5683	119.8	201.5	75.4	2025-06-01T15:00:11.940000Z
marker1.599	142.89	217.12	69.89	0.5728	0.8031	-0.1036	-0.5927	0.5407	0.5704	119.8	199.8	76.3	2025-06-01T15:00:11.960000Z
marker1.600	142.16	216.59	70.18	0.5803	0.7992	-0.0901	-0.5925	0.553	0.5745	119.4	201.7	74.5	2025-06-01T15:00:11.980000Z
